Name,Phone,Address,Rating,Reviews,Tier,Lead Source,Website,Demo,Segment
Xtreme CutZ,07736 303131,"169 Ansty Rd, Coventry",4.5,92,1,"mybarbersite.co.uk/xtreme-cutz | barber | no website, 92 reviews at 4.5 | Coventry",,mybarbersite.co.uk/xtreme-cutz,A
Classic Barber,024 7792 3549,"Classic Barber, 19 Butts, Coventry",4.6,131,1,"mybarbersite.co.uk/classic-barber | barber | no website, 131 reviews at 4.6 | Coventry",,mybarbersite.co.uk/classic-barber,A
5 Star Barbers,07492 981922,"34 Walsgrave Rd, Coventry",4.7,68,1,"mybarbersite.co.uk/5-star-barbers | barber | no website, 68 reviews at 4.7 | Coventry",,mybarbersite.co.uk/5-star-barbers,A
The fade barber shop,07472 216296,"254 Holyhead Rd, Coventry",4.5,71,1,"mybarbersite.co.uk/the-fade-barber-shop | barber | no website, 71 reviews at 4.5 | Coventry",,mybarbersite.co.uk/the-fade-barber-shop,A
KK Barbers,07380 537110,"659 Stoney Stanton Rd, Coventry",4.7,126,1,"mybarbersite.co.uk/kk-barbers | barber | no website, 126 reviews at 4.7 | Coventry",,mybarbersite.co.uk/kk-barbers,A
Boss Barber,07459 194964,"756 Broad Ln, Coventry",4.7,45,1,"mybarbersite.co.uk/boss-barber | barber | no website, 45 reviews at 4.7 | Coventry",,mybarbersite.co.uk/boss-barber,A
B & A BARBERS,07789 436994,"37-41 Acorn St, Coventry",4.7,66,1,"mybarbersite.co.uk/b-and-a-barbers | barber | facebook only, 66 reviews at 4.7 | Coventry",https://m.facebook.com/bandabarbers/,mybarbersite.co.uk/b-and-a-barbers,B
All Nations Barbers Shop,07543 518343,"63A Far Gosford St, Coventry",4.5,124,1,"mybarbersite.co.uk/all-nations-barbers-shop | barber | no website, 124 reviews at 4.5 | Coventry",,mybarbersite.co.uk/all-nations-barbers-shop,A
Johnny's New Image Barbers,07788 125287,"27 Queen St, Wolverhampton",4.5,78,1,"mybarbersite.co.uk/johnnys-new-image-barbers | barber | no website, 78 reviews at 4.5 | Wolverhampton",,mybarbersite.co.uk/johnnys-new-image-barbers,A
New Style Barber,07474 809259,"196 Penn Rd, Wolverhampton",4.5,66,1,"mybarbersite.co.uk/new-style-barber | barber | no website, 66 reviews at 4.5 | Wolverhampton",,mybarbersite.co.uk/new-style-barber,A
TURKISH-SCISSORS,07853 701025,"768 Stafford Rd, Wolverhampton",4.7,94,1,"mybarbersite.co.uk/turkish-scissors | barber | no website, 94 reviews at 4.7 | Wolverhampton",,mybarbersite.co.uk/turkish-scissors,A
Fresh Cuts,01902 771487,"Merridale Rd, Wolverhampton",4.7,121,1,"mybarbersite.co.uk/fresh-cuts | barber | no website, 121 reviews at 4.7 | Wolverhampton",,mybarbersite.co.uk/fresh-cuts,A
Don One Barbers,07979 796847,"317 New Hampton Rd W, Wolverhampton",4.7,21,1,"mybarbersite.co.uk/don-one-barbers | barber | no website, 21 reviews at 4.7 | Wolverhampton",,mybarbersite.co.uk/don-one-barbers,A
Diamond Cutz,07398 782065,"718, Wolverhampton",4.2,23,1,"mybarbersite.co.uk/diamond-cutz | barber | no website, 23 reviews at 4.2 | Wolverhampton",,mybarbersite.co.uk/diamond-cutz,A
Sam’s Barber,07727 627564,"49 Lichfield Rd, Wednesfield, Wolverhampton",4.7,71,1,"mybarbersite.co.uk/sams-barber | barber | instagram only, 71 reviews at 4.7 | Wolverhampton",https://www.instagram.com/samsbarbers.uk/,mybarbersite.co.uk/sams-barber,C
Headquarterz Barbers,01922 615428,"4 Caldmore Grn, Walsall",4.6,64,1,"mybarbersite.co.uk/headquarterz-barbers | barber | no website, 64 reviews at 4.6 | Walsall",,mybarbersite.co.uk/headquarterz-barbers,A
"No1 Barbers Shop -George St, Walsall",07886 892790,"Shannons View, 56 George St, Walsall",4.7,39,1,"mybarbersite.co.uk/no1-barbers-shop-george-st-walsall | barber | facebook only, 39 reviews at 4.7 | Walsall",https://www.facebook.com/Azad-Barber-189565365066909/,mybarbersite.co.uk/no1-barbers-shop-george-st-walsall,B
Fadez,07807 878458,"Fadez, 236 Wednesbury Rd, Walsall",4.2,76,1,"mybarbersite.co.uk/fadez | barber | no website, 76 reviews at 4.2 | Walsall",,mybarbersite.co.uk/fadez,A
Amin's Barbers Club,07967 090378,"13 Corporation St, Walsall",4.4,70,1,"mybarbersite.co.uk/amins-barbers-club | barber | no website, 70 reviews at 4.4 | Walsall",,mybarbersite.co.uk/amins-barbers-club,A
Sam’s Barbers,07564 694122,"6 Warewell St, Walsall",4.4,71,1,"mybarbersite.co.uk/sams-barbers | barber | facebook only, 71 reviews at 4.4 | Walsall",http://www.facebook.com/samsbarberswalsall,mybarbersite.co.uk/sams-barbers,B
Ash Barbers,07438 199464,"80 Reservoir St, Walsall",4.7,73,1,"mybarbersite.co.uk/ash-barbers | barber | no website, 73 reviews at 4.7 | Walsall",,mybarbersite.co.uk/ash-barbers,A
Hussain Barbers,07877 012933,"1 Weston St, Walsall",4.2,50,1,"mybarbersite.co.uk/hussain-barbers | barber | no website, 50 reviews at 4.2 | Walsall",,mybarbersite.co.uk/hussain-barbers,A
Aryaan's Barbers,07880 680873,"61 Lysways St, Walsall",4.1,60,1,"mybarbersite.co.uk/aryaans-barbers | barber | no website, 60 reviews at 4.1 | Walsall",,mybarbersite.co.uk/aryaans-barbers,A
Fade zone barber,07426 403936,"43 Leamore Ln, Leamore, Walsall",4.4,27,1,"mybarbersite.co.uk/fade-zone-barber | barber | no website, 27 reviews at 4.4 | Walsall",,mybarbersite.co.uk/fade-zone-barber,A
Topman barber walsall WS2 8ED,07368 951440,"Stafford St, Walsall",4,24,1,"mybarbersite.co.uk/topman-barber-walsall-ws2-8ed | barber | no website, 24 reviews at 4 | Walsall",,mybarbersite.co.uk/topman-barber-walsall-ws2-8ed,A
A&M Turkish Barber club,07445 898270,"20 Cresswell Cres, Bloxwich, Walsall",4.6,79,1,"mybarbersite.co.uk/aandm-turkish-barber-club | barber | instagram only, 79 reviews at 4.6 | Walsall",https://www.instagram.com/aandmbarberclub?igsh=a2E5ZHhtYXdwenQ%3D&utm_source=qr,mybarbersite.co.uk/aandm-turkish-barber-club,C
A Star Barbers,07397 143722,"195 Stafford St, Walsall",4.5,52,1,"mybarbersite.co.uk/a-star-barbers | barber | no website, 52 reviews at 4.5 | Walsall",,mybarbersite.co.uk/a-star-barbers,A
Golden Touch,01384 739421,"176 High St, Dudley",4.6,79,1,"mybarbersite.co.uk/golden-touch | barber | no website, 79 reviews at 4.6 | Dudley",,mybarbersite.co.uk/golden-touch,A
Davo turkish hair style,07360 008306,"Trident Shopping, 199 High St, Dudley",4.1,60,1,"mybarbersite.co.uk/davo-turkish-hair-style | barber | no website, 60 reviews at 4.1 | Dudley",,mybarbersite.co.uk/davo-turkish-hair-style,A
Slicks,07541 573079,"71 High St, Dudley",4.6,42,1,"mybarbersite.co.uk/slicks | barber | no website, 42 reviews at 4.6 | Dudley",,mybarbersite.co.uk/slicks,A
Baxter’s Barbers,07481 164474,"1 - 2, Priory Court, Tower St, Dudley",4.3,45,1,"mybarbersite.co.uk/baxters-barbers | barber | instagram only, 45 reviews at 4.3 | Dudley",https://www.instagram.com/_baxters/profilecard/?igsh=MWhoZDBwYTcxd2F1ZA==,mybarbersite.co.uk/baxters-barbers,C
Marmaris Babershop,07748 100008,"4 Buffery Rd, Dudley",4.6,150,1,"mybarbersite.co.uk/marmaris-babershop | barber | no website, 150 reviews at 4.6 | Dudley",,mybarbersite.co.uk/marmaris-babershop,A
Steel Wolf Barber Club,01902 672711,"8a Dudley St, Sedgley, Dudley",4.7,87,1,"mybarbersite.co.uk/steel-wolf-barber-club | barber | facebook only, 87 reviews at 4.7 | Dudley",http://www.facebook.com/steelwolfsedgley,mybarbersite.co.uk/steel-wolf-barber-club,B
Magical barber,07446 545300,"2 Louise St, Gornalwood, Dudley",4.1,36,1,"mybarbersite.co.uk/magical-barber | barber | no website, 36 reviews at 4.1 | Dudley",,mybarbersite.co.uk/magical-barber,A
Fh Barbers Netherton Ltd,07777 947467,"Post Office, 57 Halesowen Rd, Netherton, Dudley",4.7,118,1,"mybarbersite.co.uk/fh-barbers-netherton-ltd | barber | no website, 118 reviews at 4.7 | Dudley",,mybarbersite.co.uk/fh-barbers-netherton-ltd,A
King Club Barbers Tipton,07400 402521,"121 Dudley Rd, Tipton",4.6,125,1,"mybarbersite.co.uk/king-club-barbers-tipton | barber | no website, 125 reviews at 4.6 | Dudley",,mybarbersite.co.uk/king-club-barbers-tipton,A
SHVAN CUTZ,07480 606360,"2 Dudley Port, Tipton",4.1,64,1,"mybarbersite.co.uk/shvan-cutz | barber | instagram only, 64 reviews at 4.1 | Dudley",https://instagram.com/shvan_vip_barber?igshid=MzRlODBiNWFlZA==,mybarbersite.co.uk/shvan-cutz,C
Fh3 Barbers Limited,07470 536144,"49A Dudley St, Sedgley, Dudley",4.5,22,1,"mybarbersite.co.uk/fh3-barbers-limited | barber | no website, 22 reviews at 4.5 | Dudley",,mybarbersite.co.uk/fh3-barbers-limited,A
TRIMZ & FADEZ,07366 686307,"288 High St, West Bromwich",4.4,117,1,"mybarbersite.co.uk/trimz-and-fadez | barber | no website, 117 reviews at 4.4 | West Bromwich",,mybarbersite.co.uk/trimz-and-fadez,A
Milano Styles Barbers,07940 562520,"10a New St, West Bromwich",4.7,102,1,"mybarbersite.co.uk/milano-styles-barbers | barber | facebook only, 102 reviews at 4.7 | West Bromwich",http://www.facebook.com/milano-styles-barber,mybarbersite.co.uk/milano-styles-barbers,B
The Gentleman’s Barbershop,07354 883791,"1a Vicarage Rd, West Bromwich",4.7,26,1,"mybarbersite.co.uk/the-gentlemans-barbershop | barber | no website, 26 reviews at 4.7 | West Bromwich",,mybarbersite.co.uk/the-gentlemans-barbershop,A
Cuts & Fades,07575 759647,"25 Carter's Grn, West Bromwich",4.6,117,1,"mybarbersite.co.uk/cuts-and-fades | barber | no website, 117 reviews at 4.6 | West Bromwich",,mybarbersite.co.uk/cuts-and-fades,A
Sultan barbers,07402 466994,"341 High St, West Bromwich",4.6,60,1,"mybarbersite.co.uk/sultan-barbers | barber | no website, 60 reviews at 4.6 | West Bromwich",,mybarbersite.co.uk/sultan-barbers,A
Zack's Cutz,0121 439 3160,"127-129 Hill Top, West Bromwich",4.6,124,1,"mybarbersite.co.uk/zacks-cutz | barber | no website, 124 reviews at 4.6 | West Bromwich",,mybarbersite.co.uk/zacks-cutz,A
aafee barbers ltd,07918 083000,"63 High St, West Bromwich",4.7,69,1,"mybarbersite.co.uk/aafee-barbers-ltd | barber | no website, 69 reviews at 4.7 | West Bromwich",,mybarbersite.co.uk/aafee-barbers-ltd,A
Hibiscus Barbers,0121 439 4783,"91 High St, West Bromwich",4.1,50,1,"mybarbersite.co.uk/hibiscus-barbers | barber | no website, 50 reviews at 4.1 | West Bromwich",,mybarbersite.co.uk/hibiscus-barbers,A
KURD CUT,07403 049916,"414 High St, West Bromwich",4.6,33,1,"mybarbersite.co.uk/kurd-cut | barber | no website, 33 reviews at 4.6 | West Bromwich",,mybarbersite.co.uk/kurd-cut,A
H Haircuts,07389 014552,"6 Crankhall Ln, West Bromwich",4.7,38,1,"mybarbersite.co.uk/h-haircuts | barber | no website, 38 reviews at 4.7 | West Bromwich",,mybarbersite.co.uk/h-haircuts,A
yogi's hair studio,07878 865218,"45 High St, West Bromwich",4.3,107,1,"mybarbersite.co.uk/yogis-hair-studio | barber | no website, 107 reviews at 4.3 | West Bromwich",,mybarbersite.co.uk/yogis-hair-studio,A
Kings Barbers,07539 064696,"81Great, Bridge, Tipton",4.7,92,1,"mybarbersite.co.uk/kings-barbers | barber | no website, 92 reviews at 4.7 | West Bromwich",,mybarbersite.co.uk/kings-barbers,A
Black Country Barbershop Ltd Wednesbury,0121 556 8787,"121 Walsall St, Wednesbury",4.6,47,1,"mybarbersite.co.uk/black-country-barbershop-ltd-wednesbury | barber | facebook only, 47 reviews at 4.6 | West Bromwich",http://www.facebook.com/theblackcountrybarber,mybarbersite.co.uk/black-country-barbershop-ltd-wednesbury,B
One 4 One Barbershop,07487 533398,"1080 Stratford Rd, Birmingham",4.7,115,1,"mybarbersite.co.uk/one-4-one-barbershop | barber | no website, 115 reviews at 4.7 | Solihull",,mybarbersite.co.uk/one-4-one-barbershop,A
Golden Turkish barbers,07507 262291,"2045 Coventry Rd, Birmingham",4.7,56,1,"mybarbersite.co.uk/golden-turkish-barbers | barber | no website, 56 reviews at 4.7 | Solihull",,mybarbersite.co.uk/golden-turkish-barbers,A
FADED BARBER SHOP,07464 268391,"1352 Stratford Rd, Birmingham",4.4,42,1,"mybarbersite.co.uk/faded-barber-shop | barber | instagram only, 42 reviews at 4.4 | Solihull",https://instagram.com/faded.barbershop?igshid=NTc4MTIwNjQ2YQ==,mybarbersite.co.uk/faded-barber-shop,C
The Barber House,07309 806856,"192 School Rd, Birmingham",4.7,46,1,"mybarbersite.co.uk/the-barber-house | barber | no website, 46 reviews at 4.7 | Solihull",,mybarbersite.co.uk/the-barber-house,A
Bella Barba Co,07300 351437,"1070 Stratford Rd, Birmingham",4.5,135,1,"mybarbersite.co.uk/bella-barba-co | barber | no website, 135 reviews at 4.5 | Solihull",,mybarbersite.co.uk/bella-barba-co,A
Hollow barbers,07526 169947,"39 Warwick Rd, Olton, Solihull",4.7,33,1,"mybarbersite.co.uk/hollow-barbers | barber | no website, 33 reviews at 4.7 | Solihull",,mybarbersite.co.uk/hollow-barbers,A
Shirley Town Barbers,07983 238341,"Parkgate Shopping Centre, Stratford Rd, Shirley, Solihull",3.7,21,1,"mybarbersite.co.uk/shirley-town-barbers | barber | no website, 21 reviews at 3.7 | Solihull",,mybarbersite.co.uk/shirley-town-barbers,A
The barber house,01782 826307,"233-235, 233 Newcastle St, Burslem, Stoke-on-Trent",4.7,48,1,"mybarbersite.co.uk/the-barber-house-stoke-on-trent | barber | no website, 48 reviews at 4.7 | Stoke-on-Trent",,mybarbersite.co.uk/the-barber-house-stoke-on-trent,A
QC studios,01782 876926,"121 College Rd, Stoke-on-Trent",4.7,58,1,"mybarbersite.co.uk/qc-studios | barber | facebook only, 58 reviews at 4.7 | Stoke-on-Trent",https://www.facebook.com/qcbarbershop1/,mybarbersite.co.uk/qc-studios,B
Alan’s Cut,07492 980404,"41 Snow Hill, Hanley, Stoke-on-Trent",4.5,98,1,"mybarbersite.co.uk/alans-cut | barber | no website, 98 reviews at 4.5 | Stoke-on-Trent",,mybarbersite.co.uk/alans-cut,A
Maskeen Barber Shop,07837 057630,"43 Stoke Rd, Stoke-on-Trent",4.3,105,1,"mybarbersite.co.uk/maskeen-barber-shop | barber | no website, 105 reviews at 4.3 | Stoke-on-Trent",,mybarbersite.co.uk/maskeen-barber-shop,A
Trentham Barbers,07460 243898,"187 Mayne St, Stoke-on-Trent",4.7,44,1,"mybarbersite.co.uk/trentham-barbers | barber | no website, 44 reviews at 4.7 | Stoke-on-Trent",,mybarbersite.co.uk/trentham-barbers,A
Hiwa barber,07735 778061,"London Rd, Boothen, Stoke-on-Trent",4.5,42,1,"mybarbersite.co.uk/hiwa-barber | barber | no website, 42 reviews at 4.5 | Stoke-on-Trent",,mybarbersite.co.uk/hiwa-barber,A
The barber code,01782 698824,"1905 Leek Rd, Milton, Stoke-on-Trent",4.5,70,1,"mybarbersite.co.uk/the-barber-code | barber | no website, 70 reviews at 4.5 | Stoke-on-Trent",,mybarbersite.co.uk/the-barber-code,A
Fufus Cut,07873 556422,"Crown Bank, 42-44 Stafford St, Hanley, Stoke-on-Trent",4,134,1,"mybarbersite.co.uk/fufus-cut | barber | no website, 134 reviews at 4 | Stoke-on-Trent",,mybarbersite.co.uk/fufus-cut,A
Stafford best barbers,07506 661378,"The Flats, 10 Bridge St, Stafford",4.3,31,1,"mybarbersite.co.uk/stafford-best-barbers | barber | no website, 31 reviews at 4.3 | Stafford",,mybarbersite.co.uk/stafford-best-barbers,A
Goldencuts,07508 930650,"12 Mill St, Stafford",4.5,98,1,"mybarbersite.co.uk/goldencuts | barber | facebook only, 98 reviews at 4.5 | Stafford",https://www.facebook.com/profile.php?id=100057137392785,mybarbersite.co.uk/goldencuts,B
Capello's,07494 177251,"68 Stafford Rd, Wallington",4.6,74,1,"mybarbersite.co.uk/capellos | barber | no website, 74 reviews at 4.6 | Stafford",,mybarbersite.co.uk/capellos,A
Antalya Magic Cuts,07481 744090,"The Bacchus, 5 Church St, Wellington, Telford",4.7,99,1,"mybarbersite.co.uk/antalya-magic-cuts | barber | no website, 99 reviews at 4.7 | Telford",,mybarbersite.co.uk/antalya-magic-cuts,A
Turkish Fade Barbershop,01952 410245,"14 Wrekin Dr, Donnington, Telford",4.7,63,1,"mybarbersite.co.uk/turkish-fade-barbershop | barber | no website, 63 reviews at 4.7 | Telford",,mybarbersite.co.uk/turkish-fade-barbershop,A
Q-FADEZ BARBERS,07458 319356,"19 Tan Bank, Wellington, Telford",4.7,36,1,"mybarbersite.co.uk/q-fadez-barbers | barber | no website, 36 reviews at 4.7 | Telford",,mybarbersite.co.uk/q-fadez-barbers,A
Slick Kutz,07898 672132,"5 Kingsland, Wellington, Telford",4.7,81,1,"mybarbersite.co.uk/slick-kutz | barber | no website, 81 reviews at 4.7 | Telford",,mybarbersite.co.uk/slick-kutz,A
Turkish Barber,07383 820443,"9a High St, Telford",4.5,96,1,"mybarbersite.co.uk/turkish-barber | barber | no website, 96 reviews at 4.5 | Telford",,mybarbersite.co.uk/turkish-barber,A
Mick's Barbers,07792 861561,"16c Church St, St George's, Telford",4.6,81,1,"mybarbersite.co.uk/micks-barbers | barber | facebook only, 81 reviews at 4.6 | Telford",https://www.facebook.com/Micks-Barber-Shop-StGeorges-101070088318584,mybarbersite.co.uk/micks-barbers,B
Roberto's Style,07308 880849,"4a Park St, Wellington, Telford",4.5,107,1,"mybarbersite.co.uk/robertos-style | barber | no website, 107 reviews at 4.5 | Telford",,mybarbersite.co.uk/robertos-style,A
Little Istanbul Turkish barber,07366 687003,"4 Albert Place, Donnington, Telford",4.4,47,1,"mybarbersite.co.uk/little-istanbul-turkish-barber | barber | no website, 47 reviews at 4.4 | Telford",,mybarbersite.co.uk/little-istanbul-turkish-barber,A
Faz Barbers,07440 289556,"36 Mill Bank, Wellington, Telford",4.5,68,1,"mybarbersite.co.uk/faz-barbers | barber | no website, 68 reviews at 4.5 | Telford",,mybarbersite.co.uk/faz-barbers,A
THE CORNER BARBERZ,07404 018455,"32A High St, Telford",4.4,90,1,"mybarbersite.co.uk/the-corner-barberz | barber | no website, 90 reviews at 4.4 | Telford",,mybarbersite.co.uk/the-corner-barberz,A
Thatchers Barber shop,01952 259446,"49 Marton Dr, Wellington, Telford",4.4,65,1,"mybarbersite.co.uk/thatchers-barber-shop | barber | no website, 65 reviews at 4.4 | Telford",,mybarbersite.co.uk/thatchers-barber-shop,A
Bey Barbers2,07453 153526,"28 Castle St, Shrewsbury",4.7,58,1,"mybarbersite.co.uk/bey-barbers2 | barber | no website, 58 reviews at 4.7 | Shrewsbury",,mybarbersite.co.uk/bey-barbers2,A
Lads N Dads,01743 353606,"Owens Cafe Bar, 22 Butcher Row, Shrewsbury",4.3,92,1,"mybarbersite.co.uk/lads-n-dads | barber | no website, 92 reviews at 4.3 | Shrewsbury",,mybarbersite.co.uk/lads-n-dads,A
Fade house,07828 106222,"127 Hereford Rd, Meole Brace, Shrewsbury",4.6,65,1,"mybarbersite.co.uk/fade-house | barber | facebook only, 65 reviews at 4.6 | Shrewsbury",https://www.facebook.com/Fade-House-587967948552684/,mybarbersite.co.uk/fade-house,B
Aramo's Barbers,01905 23715,"50 The Tything, Worcester",4.6,149,1,"mybarbersite.co.uk/aramos-barbers | barber | no website, 149 reviews at 4.6 | Worcester",,mybarbersite.co.uk/aramos-barbers,A
TURKISH GOLDEN SCISSORS,07491 918384,"32 St Johns, St John's, Worcester",4.7,63,1,"mybarbersite.co.uk/turkish-golden-scissors | barber | no website, 63 reviews at 4.7 | Worcester",,mybarbersite.co.uk/turkish-golden-scissors,A
J&K Barbershop,07481 430929,"51 The Shambles, Worcester",4.3,77,1,"mybarbersite.co.uk/jandk-barbershop | barber | no website, 77 reviews at 4.3 | Worcester",,mybarbersite.co.uk/jandk-barbershop,A
Newtouch barber,07472 480070,"23 Lowesmoor WR1 2RS, Worcester",4.7,81,1,"mybarbersite.co.uk/newtouch-barber | barber | no website, 81 reviews at 4.7 | Worcester",,mybarbersite.co.uk/newtouch-barber,A
Pola’s Barbers,07309 059927,"Haswell House, 6 St Nicholas St, Worcester",4.6,52,1,"mybarbersite.co.uk/polas-barbers | barber | no website, 52 reviews at 4.6 | Worcester",,mybarbersite.co.uk/polas-barbers,A
Top Barbers,07730 799831,"60 Lowesmoor, Worcester",4.4,30,1,"mybarbersite.co.uk/top-barbers | barber | no website, 30 reviews at 4.4 | Worcester",,mybarbersite.co.uk/top-barbers,A
Barber Nine,07751 416178,"35 Lowesmoor, Worcester",4.6,40,1,"mybarbersite.co.uk/barber-nine | barber | no website, 40 reviews at 4.6 | Worcester",,mybarbersite.co.uk/barber-nine,A
Turkish Style Barbers,07401 595037,"2 Blackwell St, Kidderminster",4.6,149,1,"mybarbersite.co.uk/turkish-style-barbers | barber | no website, 149 reviews at 4.6 | Kidderminster",,mybarbersite.co.uk/turkish-style-barbers,A
JFM barber shop,01562 742951,"40 Mill St, Kidderminster",4.7,76,1,"mybarbersite.co.uk/jfm-barber-shop | barber | no website, 76 reviews at 4.7 | Kidderminster",,mybarbersite.co.uk/jfm-barber-shop,A
K1 golden scissors,07575 626212,"6a, Towers Building, Blackwell St, Kidderminster",4.5,88,1,"mybarbersite.co.uk/k1-golden-scissors | barber | no website, 88 reviews at 4.5 | Kidderminster",,mybarbersite.co.uk/k1-golden-scissors,A
K1 Sharp cut barber,07341 418686,"6 New Rd, Kidderminster",4.6,27,1,"mybarbersite.co.uk/k1-sharp-cut-barber | barber | no website, 27 reviews at 4.6 | Kidderminster",,mybarbersite.co.uk/k1-sharp-cut-barber,A
Alex Hair Design,07938 416964,"Horsefair Cafe, 25 Horse Fair, Kidderminster",4.7,92,1,"mybarbersite.co.uk/alex-hair-design | barber | no website, 92 reviews at 4.7 | Kidderminster",,mybarbersite.co.uk/alex-hair-design,A
Hair Stop Central,01562 744468,"86 New Rd, Kidderminster",4.7,23,1,"mybarbersite.co.uk/hair-stop-central | barber | no website, 23 reviews at 4.7 | Kidderminster",,mybarbersite.co.uk/hair-stop-central,A
Kidderminster Dog Grooming,01562 637236,"52 Land Oak Dr, Kidderminster",4.7,44,1,"mybarbersite.co.uk/kidderminster-dog-grooming | barber | no website, 44 reviews at 4.7 | Kidderminster",,mybarbersite.co.uk/kidderminster-dog-grooming,A
Flex,07702 758030,"58 Oxford St, Kidderminster",4.7,25,1,"mybarbersite.co.uk/flex | barber | no website, 25 reviews at 4.7 | Kidderminster",,mybarbersite.co.uk/flex,A
Thomas Samson Hair & Co.,01562 754511,"46 George St, Kidderminster",4.6,21,1,"mybarbersite.co.uk/thomas-samson-hair-and-co | barber | no website, 21 reviews at 4.6 | Kidderminster",,mybarbersite.co.uk/thomas-samson-hair-and-co,A
Legend Cuts,07713 757061,"110 Birchfield Rd, Headless Cross, Redditch",4.7,65,1,"mybarbersite.co.uk/legend-cuts | barber | no website, 65 reviews at 4.7 | Redditch",,mybarbersite.co.uk/legend-cuts,A
Ipsley Barber,01527 62251,"149 Ipsley St, Redditch",4.2,46,1,"mybarbersite.co.uk/ipsley-barber | barber | no website, 46 reviews at 4.2 | Redditch",,mybarbersite.co.uk/ipsley-barber,A
Mr Stopps the Barber,01527 402208,"135 Evesham Rd, Headless Cross, Redditch",4.6,109,1,"mybarbersite.co.uk/mr-stopps-the-barber | barber | no website, 109 reviews at 4.6 | Redditch",,mybarbersite.co.uk/mr-stopps-the-barber,A
Studley barber,07549 380000,"9 Alcester Rd, Studley",4.6,20,1,"mybarbersite.co.uk/studley-barber | barber | no website, 20 reviews at 4.6 | Redditch",,mybarbersite.co.uk/studley-barber,A
Hair by kaka,01527 479655,"2 Church Green W, Redditch",4,103,1,"mybarbersite.co.uk/hair-by-kaka | barber | no website, 103 reviews at 4 | Redditch",,mybarbersite.co.uk/hair-by-kaka,A
Barbershop,01527 893353,"1278 Evesham Rd, Astwood Bank, Redditch",4.6,49,1,"mybarbersite.co.uk/barbershop | barber | no website, 49 reviews at 4.6 | Redditch",,mybarbersite.co.uk/barbershop,A
Turkish hair style,07535 363793,"39 High St, Studley",4.4,79,1,"mybarbersite.co.uk/turkish-hair-style | barber | facebook only, 79 reviews at 4.4 | Redditch",https://m.facebook.com/pages/category/Barber-Shop/Turkish-Hair-Style-112700133893709/,mybarbersite.co.uk/turkish-hair-style,B
Gents Barbers Club,024 7792 4444,"14 Harefield Rd, Nuneaton",4.4,130,1,"mybarbersite.co.uk/gents-barbers-club | barber | no website, 130 reviews at 4.4 | Nuneaton",,mybarbersite.co.uk/gents-barbers-club,A
ZAN CLASSIC BARBER // Nuneaton,07460 947947,"62 Queens Rd, Nuneaton",4.3,49,1,"mybarbersite.co.uk/zan-classic-barber-nuneaton | barber | facebook only, 49 reviews at 4.3 | Nuneaton",https://www.facebook.com/profile.php?id=61552692541367,mybarbersite.co.uk/zan-classic-barber-nuneaton,B
Urban Styles,07576 761712,"rear of, Camp Hill Rd, Nuneaton",4.4,93,1,"mybarbersite.co.uk/urban-styles | barber | no website, 93 reviews at 4.4 | Nuneaton",,mybarbersite.co.uk/urban-styles,A
Istanbul Barbers Nuneaton,07878 770308,"25A Newdegate St, Nuneaton",4.6,54,1,"mybarbersite.co.uk/istanbul-barbers-nuneaton | barber | no website, 54 reviews at 4.6 | Nuneaton",,mybarbersite.co.uk/istanbul-barbers-nuneaton,A
Bobby's Barbers,024 7798 1634,"45 Newdegate St, Nuneaton",3.9,85,1,"mybarbersite.co.uk/bobbys-barbers | barber | no website, 85 reviews at 3.9 | Nuneaton",,mybarbersite.co.uk/bobbys-barbers,A
Sadik Barber & Nutrition,07404 070690,"103 Croft Rd, Nuneaton",4.6,130,1,"mybarbersite.co.uk/sadik-barber-and-nutrition | barber | facebook only, 130 reviews at 4.6 | Nuneaton",https://www.facebook.com/sadikbarber&nutrition/,mybarbersite.co.uk/sadik-barber-and-nutrition,B
The Barber Of Bosworth,07864 601575,"7, Wheatsheaf Courtyard, Market Bosworth, Nuneaton",4.6,36,1,"mybarbersite.co.uk/the-barber-of-bosworth | barber | no website, 36 reviews at 4.6 | Nuneaton",,mybarbersite.co.uk/the-barber-of-bosworth,A
Max Cuts,07442 832222,"237 Smorrall Ln, Bedworth",4.7,99,1,"mybarbersite.co.uk/max-cuts | barber | no website, 99 reviews at 4.7 | Nuneaton",,mybarbersite.co.uk/max-cuts,A
The Headmasters,024 7638 8400,"1 Grove Rd, Nuneaton",4.7,31,1,"mybarbersite.co.uk/the-headmasters | barber | no website, 31 reviews at 4.7 | Nuneaton",,mybarbersite.co.uk/the-headmasters,A
Alan's Barber Shop,07397 774001,"3, Railway Terrace, Rugby",4.5,74,1,"mybarbersite.co.uk/alans-barber-shop | barber | no website, 74 reviews at 4.5 | Rugby",,mybarbersite.co.uk/alans-barber-shop,A
Brooklyn Barber,07902 522265,"White & Bishop Ltd, 27 Clifton Rd, Rugby",4.2,36,1,"mybarbersite.co.uk/brooklyn-barber | barber | no website, 36 reviews at 4.2 | Rugby",,mybarbersite.co.uk/brooklyn-barber,A
Kings Barber,07753 639019,"3, Chestnut House, 24 North St, Rugby",4.5,99,1,"mybarbersite.co.uk/kings-barber-rugby | barber | no website, 99 reviews at 4.5 | Rugby",,mybarbersite.co.uk/kings-barber-rugby,A
Classic barbers,01788 879935,"8 High St, Rugby",4.5,42,1,"mybarbersite.co.uk/classic-barbers | barber | no website, 42 reviews at 4.5 | Rugby",,mybarbersite.co.uk/classic-barbers,A
Venus Barbers,01788 438606,"11 Clifton Rd, Rugby",4.5,119,1,"mybarbersite.co.uk/venus-barbers | barber | no website, 119 reviews at 4.5 | Rugby",,mybarbersite.co.uk/venus-barbers,A
KC Barbers,07961 924406,"4-6 Railway Terrace, Rugby",4.7,55,1,"mybarbersite.co.uk/kc-barbers | barber | no website, 55 reviews at 4.7 | Rugby",,mybarbersite.co.uk/kc-barbers,A
ISTANBUL BARBERS,07903 994961,"23 Market St, Lutterworth",4.5,141,1,"mybarbersite.co.uk/istanbul-barbers | barber | no website, 141 reviews at 4.5 | Rugby",,mybarbersite.co.uk/istanbul-barbers,A
Upper Kuts Barbers,01827 65260,"123 Glascote Rd, Tamworth",4.4,94,1,"mybarbersite.co.uk/upper-kuts-barbers | barber | no website, 94 reviews at 4.4 | Tamworth",,mybarbersite.co.uk/upper-kuts-barbers,A
Man at the Top Barbers,01827 437038,"5 Dosthill Rd, Two Gates, Dosthill, Tamworth",4.5,108,1,"mybarbersite.co.uk/man-at-the-top-barbers | barber | no website, 108 reviews at 4.5 | Tamworth",,mybarbersite.co.uk/man-at-the-top-barbers,A
Cutz 4 men,01827 280928,"88 Watling St., Wilnecote, Tamworth",4.2,23,1,"mybarbersite.co.uk/cutz-4-men | barber | no website, 23 reviews at 4.2 | Tamworth",,mybarbersite.co.uk/cutz-4-men,A
"The Barber Shop, Men's Barbers Tamworth",01827 62409,"2 Victoria Rd, Tamworth",4.3,59,1,"mybarbersite.co.uk/the-barber-shop-mens-barbers-tamworth | barber | no website, 59 reviews at 4.3 | Tamworth",,mybarbersite.co.uk/the-barber-shop-mens-barbers-tamworth,A
B5000 Barbers,01827 331744,"3A Tamworth Rd, Polesworth, Tamworth",4.7,87,1,"mybarbersite.co.uk/b5000-barbers | barber | no website, 87 reviews at 4.7 | Tamworth",,mybarbersite.co.uk/b5000-barbers,A
Royal barbers-Mitcham,020 8648 0037,"42 A, Tamworth Ln, Mitcham",4.7,115,1,"mybarbersite.co.uk/royal-barbers-mitcham | barber | instagram only, 115 reviews at 4.7 | Tamworth",https://instagram.com/royal_barbers_mitcham?igshid=w0ysuytn8m4x,mybarbersite.co.uk/royal-barbers-mitcham,C
Diamond Scissors,07799 214545,"2 Mill St, Cannock",4.7,143,1,"mybarbersite.co.uk/diamond-scissors | barber | facebook only, 143 reviews at 4.7 | Cannock",https://m.facebook.com/Diamond-Scissors-636603350014724/,mybarbersite.co.uk/diamond-scissors,B
Turkish barber,07480 326357,"37 North St, Cannock",4.7,26,1,"mybarbersite.co.uk/turkish-barber-cannock | barber | no website, 26 reviews at 4.7 | Cannock",,mybarbersite.co.uk/turkish-barber-cannock,A
Istanbul barber,07307 994357,"John St, Wimblebury, Cannock",4.6,34,1,"mybarbersite.co.uk/istanbul-barber | barber | no website, 34 reviews at 4.6 | Cannock",,mybarbersite.co.uk/istanbul-barber,A
Turkish razor kings,07491 255957,"16 Walsall Rd., Cannock",4.5,65,1,"mybarbersite.co.uk/turkish-razor-kings | barber | no website, 65 reviews at 4.5 | Cannock",,mybarbersite.co.uk/turkish-razor-kings,A
London Look barber shop,07933 008399,"23 Commercial Rd, Hereford",4.3,149,1,"mybarbersite.co.uk/london-look-barber-shop | barber | no website, 149 reviews at 4.3 | Hereford",,mybarbersite.co.uk/london-look-barber-shop,A
Suli barber,07583 833737,"14-15 Commercial Rd, Hereford",4.6,71,1,"mybarbersite.co.uk/suli-barber | barber | no website, 71 reviews at 4.6 | Hereford",,mybarbersite.co.uk/suli-barber,A
Hereford Barbers,07833 180219,"Maylord shopping centre, 14 Brewers Passage, Hereford",4.5,56,1,"mybarbersite.co.uk/hereford-barbers | barber | no website, 56 reviews at 4.5 | Hereford",,mybarbersite.co.uk/hereford-barbers,A
Best Trim,07999 970012,"The Frier Tuck, 10 Belmont Rd, Hereford",4.2,31,1,"mybarbersite.co.uk/best-trim | barber | no website, 31 reviews at 4.2 | Hereford",,mybarbersite.co.uk/best-trim,A
Brothers barber shop,07947 860017,"141 Eign St, Hereford",4.5,69,1,"mybarbersite.co.uk/brothers-barber-shop | barber | facebook only, 69 reviews at 4.5 | Hereford",https://m.facebook.com/Brothers-barber-shop-101038151855065/?ref=bookmarks,mybarbersite.co.uk/brothers-barber-shop,B
Contrast,01432 266399,"3 Maylord St, Hereford",4.4,27,1,"mybarbersite.co.uk/contrast | barber | no website, 27 reviews at 4.4 | Hereford",,mybarbersite.co.uk/contrast,A
Buddy's Barber Burton,01283 568183,"24 Derby St, Burton-on-Trent",4.7,76,1,"mybarbersite.co.uk/buddys-barber-burton | barber | no website, 76 reviews at 4.7 | Burton upon Trent",,mybarbersite.co.uk/buddys-barber-burton,A
Master Barbers,07809 379373,"5 Horninglow Rd, Burton-on-Trent",4.6,88,1,"mybarbersite.co.uk/master-barbers | barber | no website, 88 reviews at 4.6 | Burton upon Trent",,mybarbersite.co.uk/master-barbers,A
The Barber Shop,01283 537199,"123 Calais Rd, Burton-on-Trent",4.5,62,1,"mybarbersite.co.uk/the-barber-shop-burton-on-trent | barber | no website, 62 reviews at 4.5 | Burton upon Trent",,mybarbersite.co.uk/the-barber-shop-burton-on-trent,A
Legend Scissors,07378 266564,"181 High St, Burton-on-Trent",4.1,77,1,"mybarbersite.co.uk/legend-scissors | barber | no website, 77 reviews at 4.1 | Burton upon Trent",,mybarbersite.co.uk/legend-scissors,A
Adam Barbers,07521 901498,"10 Derby St, Burton-on-Trent",4.7,31,1,"mybarbersite.co.uk/adam-barbers | barber | no website, 31 reviews at 4.7 | Burton upon Trent",,mybarbersite.co.uk/adam-barbers,A
Dream Barbers,07746 106058,"71 Horninglow Rd, Burton-on-Trent",4.2,22,1,"mybarbersite.co.uk/dream-barbers | barber | no website, 22 reviews at 4.2 | Burton upon Trent",,mybarbersite.co.uk/dream-barbers,A
Shelby's hair design,01283 540680,"coopers square, 19 High St, Burton-on-Trent",4.7,54,1,"mybarbersite.co.uk/shelbys-hair-design | barber | no website, 54 reviews at 4.7 | Burton upon Trent",,mybarbersite.co.uk/shelbys-hair-design,A
Royal fades,07399 693579,"1Charles, Street, Leicester",4.7,106,1,"mybarbersite.co.uk/royal-fades | barber | no website, 106 reviews at 4.7 | Leicester",,mybarbersite.co.uk/royal-fades,A
City Cuts,07500 249838,"214 Narborough Rd, Leicester",4.5,99,1,"mybarbersite.co.uk/city-cuts | barber | no website, 99 reviews at 4.5 | Leicester",,mybarbersite.co.uk/city-cuts,A
Ako Barber,07594 492865,"1 Rutland St, Leicester",4.7,55,1,"mybarbersite.co.uk/ako-barber | barber | no website, 55 reviews at 4.7 | Leicester",,mybarbersite.co.uk/ako-barber,A
Base Barber Shop,07702 892786,"148 Wharf St N, Leicester",4.4,96,1,"mybarbersite.co.uk/base-barber-shop | barber | no website, 96 reviews at 4.4 | Leicester",,mybarbersite.co.uk/base-barber-shop,A
Top Cuts Barber Shop,07438 248688,"419 Abbey Ln, Leicester",4.7,66,1,"mybarbersite.co.uk/top-cuts-barber-shop | barber | no website, 66 reviews at 4.7 | Leicester",,mybarbersite.co.uk/top-cuts-barber-shop,A
Smart Touch Barber Leicester,0116 431 2992,"126 Wharf St N, Leicester",4.5,53,1,"mybarbersite.co.uk/smart-touch-barber-leicester | barber | no website, 53 reviews at 4.5 | Leicester",,mybarbersite.co.uk/smart-touch-barber-leicester,A
Golden Scissors Barber Shop,0116 313 0088,"217 Saffron Ln, Leicester",4.7,91,1,"mybarbersite.co.uk/golden-scissors-barber-shop | barber | no website, 91 reviews at 4.7 | Leicester",,mybarbersite.co.uk/golden-scissors-barber-shop,A
Oliver Barber,0116 216 1049,"59 Evington Rd, Leicester",4.5,141,1,"mybarbersite.co.uk/oliver-barber | barber | no website, 141 reviews at 4.5 | Leicester",,mybarbersite.co.uk/oliver-barber,A
Izmir Barber Studio,0116 233 4041,"136 Fosse Rd N, Leicester",4.6,139,1,"mybarbersite.co.uk/izmir-barber-studio | barber | no website, 139 reviews at 4.6 | Leicester",,mybarbersite.co.uk/izmir-barber-studio,A
Loughborough Barber,07355 781226,"81 Lansdowne Dr, Loughborough",4.7,82,1,"mybarbersite.co.uk/loughborough-barber | barber | no website, 82 reviews at 4.7 | Loughborough",,mybarbersite.co.uk/loughborough-barber,A
New Look Barber,07449 101271,"4a The Rushes, Loughborough",4.6,137,1,"mybarbersite.co.uk/new-look-barber | barber | facebook only, 137 reviews at 4.6 | Loughborough",https://m.facebook.com/NEWLOOKBARBER4A/,mybarbersite.co.uk/new-look-barber,B
Super Cuts,07490 114726,"35 Baxter Gate, Loughborough",4.6,50,1,"mybarbersite.co.uk/super-cuts | barber | tiktok only, 50 reviews at 4.6 | Loughborough",http://www.tiktok.com/@hawre_blendz,mybarbersite.co.uk/super-cuts,C
FADED,07407 402949,"29 Derby Square, Loughborough",4.5,77,1,"mybarbersite.co.uk/faded | barber | tiktok only, 77 reviews at 4.5 | Loughborough",https://www.tiktok.com/@faded_loughborough?_r=1&_t=ZN-96H2h0ljhTS,mybarbersite.co.uk/faded,C
Mike the Barber,0116 230 3685,"34A Market Pl, Mountsorrel, Loughborough",4.7,58,1,"mybarbersite.co.uk/mike-the-barber | barber | no website, 58 reviews at 4.7 | Loughborough",,mybarbersite.co.uk/mike-the-barber,A
East Leake Barber,07777 734463,"60 Main St, East Leake, Loughborough",4.4,37,1,"mybarbersite.co.uk/east-leake-barber | barber | no website, 37 reviews at 4.4 | Loughborough",,mybarbersite.co.uk/east-leake-barber,A
Sileby Barbershop,07859 738680,"10b High St, Sileby, Loughborough",4.7,24,1,"mybarbersite.co.uk/sileby-barbershop | barber | no website, 24 reviews at 4.7 | Loughborough",,mybarbersite.co.uk/sileby-barbershop,A
Cut Above,07734 259261,"15 Market St, Loughborough",4.6,64,1,"mybarbersite.co.uk/cut-above | barber | facebook only, 64 reviews at 4.6 | Loughborough",http://facebook.com/CutAboveLoughborough,mybarbersite.co.uk/cut-above,B
Topic,01509 214820,"13 Swan St, Loughborough",4.6,39,1,"mybarbersite.co.uk/topic | barber | no website, 39 reviews at 4.6 | Loughborough",,mybarbersite.co.uk/topic,A
Semir'z cutz Barber shop Nottingham,07846 305218,"26 Radford Rd, Radford, Nottingham",4.6,36,1,"mybarbersite.co.uk/semirz-cutz-barber-shop-nottingham | barber | no website, 36 reviews at 4.6 | Nottingham",,mybarbersite.co.uk/semirz-cutz-barber-shop-nottingham,A
Stars Barber Shop,01623 422892,"111 Sutton Rd, Mansfield",4.7,62,1,"mybarbersite.co.uk/stars-barber-shop | barber | no website, 62 reviews at 4.7 | Mansfield",,mybarbersite.co.uk/stars-barber-shop,A
ALAN CUTZ,07446 672076,"66 W Gate, Mansfield",4.6,118,1,"mybarbersite.co.uk/alan-cutz | barber | no website, 118 reviews at 4.6 | Mansfield",,mybarbersite.co.uk/alan-cutz,A
Turkısh Goodfellows Barbers,07490 892746,"1B Sadler St, Mansfield",4.5,57,1,"mybarbersite.co.uk/turk-sh-goodfellows-barbers | barber | no website, 57 reviews at 4.5 | Mansfield",,mybarbersite.co.uk/turk-sh-goodfellows-barbers,A
Bull farm barber,01623 593070,"112 Chesterfield Rd N, Mansfield",4.5,50,1,"mybarbersite.co.uk/bull-farm-barber | barber | no website, 50 reviews at 4.5 | Mansfield",,mybarbersite.co.uk/bull-farm-barber,A
Golden Scissors,07459 596599,"17 Church St, Mansfield",4.7,29,1,"mybarbersite.co.uk/golden-scissors | barber | no website, 29 reviews at 4.7 | Mansfield",,mybarbersite.co.uk/golden-scissors,A
Kures Barbers,07481 236674,"8 Market Pl, Mansfield",4.5,35,1,"mybarbersite.co.uk/kures-barbers | barber | no website, 35 reviews at 4.5 | Mansfield",,mybarbersite.co.uk/kures-barbers,A
Kings barber Mansfield Turkish barber,07412 880047,"49 W Gate, Mansfield",4,61,1,"mybarbersite.co.uk/kings-barber-mansfield-turkish-barber | barber | no website, 61 reviews at 4 | Mansfield",,mybarbersite.co.uk/kings-barber-mansfield-turkish-barber,A
K1 BARBER,07389 135808,"5Sherwood St Market, 5 Sherwood St, Warsop, Mansfield",4.6,30,1,"mybarbersite.co.uk/k1-barber | barber | no website, 30 reviews at 4.6 | Mansfield",,mybarbersite.co.uk/k1-barber,A
The Barber Shoppe,01623 555698,"41 Forest St, Sutton-in-Ashfield",4.2,86,1,"mybarbersite.co.uk/the-barber-shoppe | barber | no website, 86 reviews at 4.2 | Mansfield",,mybarbersite.co.uk/the-barber-shoppe,A
Rainworth Barbers,01623 792545,"287a Southwell Rd E, Rainworth, Mansfield",4.6,135,1,"mybarbersite.co.uk/rainworth-barbers | barber | no website, 135 reviews at 4.6 | Mansfield",,mybarbersite.co.uk/rainworth-barbers,A
Razor Barber,07999 992599,"Osmaston Rd, Allenton, Derby",4.5,71,1,"mybarbersite.co.uk/razor-barber | barber | no website, 71 reviews at 4.5 | Derby",,mybarbersite.co.uk/razor-barber,A
Style Barbers,01332 974208,"Unit 12a, Danebridge Cres, Oakwood, Derby",4.6,57,1,"mybarbersite.co.uk/style-barbers | barber | no website, 57 reviews at 4.6 | Derby",,mybarbersite.co.uk/style-barbers,A
Ahmed Barbers,07980 763009,"Pear Tree Rd, Derby",4.6,130,1,"mybarbersite.co.uk/ahmed-barbers | barber | no website, 130 reviews at 4.6 | Derby",,mybarbersite.co.uk/ahmed-barbers,A
Mo's Barber Club,07466 710768,"147 Walbrook Rd, Derby",4.6,92,1,"mybarbersite.co.uk/mos-barber-club | barber | no website, 92 reviews at 4.6 | Derby",,mybarbersite.co.uk/mos-barber-club,A
Pk's The Barber Shop,07776 732217,"99A Pear Tree Rd, Derby",4.6,43,1,"mybarbersite.co.uk/pks-the-barber-shop | barber | no website, 43 reviews at 4.6 | Derby",,mybarbersite.co.uk/pks-the-barber-shop,A
Marmaris Barber,07400 187773,"Derby intu shopping centre, 105 St Peter's St, Derby",4.2,76,1,"mybarbersite.co.uk/marmaris-barber | barber | no website, 76 reviews at 4.2 | Derby",,mybarbersite.co.uk/marmaris-barber,A
Style Cuts,07577 113387,"60-62 Elton Rd, Osmaston, Derby",4.5,43,1,"mybarbersite.co.uk/style-cuts | barber | no website, 43 reviews at 4.5 | Derby",,mybarbersite.co.uk/style-cuts,A
Star Cutz,01332 763305,"256a Stenson Rd, Littleover, Derby",4.3,127,1,"mybarbersite.co.uk/star-cutz | barber | facebook only, 127 reviews at 4.3 | Derby",https://m.facebook.com/star.cutz.79/,mybarbersite.co.uk/star-cutz,B
IBBO BARBERS,07383 466912,"Cavendish House, 2cavendish street, Chesterfield",4.7,136,1,"mybarbersite.co.uk/ibbo-barbers | barber | no website, 136 reviews at 4.7 | Chesterfield",,mybarbersite.co.uk/ibbo-barbers,A
No. 1 Hairstyle Barber Shop,07749 349201,"522 Sheffield Rd, Whittington Moor, Chesterfield",4.7,44,1,"mybarbersite.co.uk/no-1-hairstyle-barber-shop | barber | no website, 44 reviews at 4.7 | Chesterfield",,mybarbersite.co.uk/no-1-hairstyle-barber-shop,A
Turkish & Meditarranean Barber,07535 800744,"Hasland, Chesterfield",4.4,93,1,"mybarbersite.co.uk/turkish-and-meditarranean-barber | barber | no website, 93 reviews at 4.4 | Chesterfield",,mybarbersite.co.uk/turkish-and-meditarranean-barber,A
Top Fade Barbers,07477 072626,"29 High St, Staveley, Chesterfield",4.4,41,1,"mybarbersite.co.uk/top-fade-barbers | barber | no website, 41 reviews at 4.4 | Chesterfield",,mybarbersite.co.uk/top-fade-barbers,A
The Full Monty,01246 222955,"75 Low Pavement, Chesterfield",4.7,55,1,"mybarbersite.co.uk/the-full-monty | barber | no website, 55 reviews at 4.7 | Chesterfield",,mybarbersite.co.uk/the-full-monty,A
Razor Cutz,07493 409713,"46 Church St, Brimington, Chesterfield",4.6,98,1,"mybarbersite.co.uk/razor-cutz | barber | no website, 98 reviews at 4.6 | Chesterfield",,mybarbersite.co.uk/razor-cutz,A
Chezzy barbers,07942 299222,"35 W Bars, Chesterfield",4.5,22,1,"mybarbersite.co.uk/chezzy-barbers | barber | no website, 22 reviews at 4.5 | Chesterfield",,mybarbersite.co.uk/chezzy-barbers,A
The Barber Shop,07531 022162,"43A Mill St, Clowne, Chesterfield",4.7,100,1,"mybarbersite.co.uk/the-barber-shop-chesterfield | barber | facebook only, 100 reviews at 4.7 | Chesterfield",https://www.facebook.com/THEBARBERSHOP43A%20https://www.facebook.com/THEBARBERSHOP43A,mybarbersite.co.uk/the-barber-shop-chesterfield,B
Grade 1,07913 115552,"14 Station Rd, Whittington Moor, Chesterfield",4.7,66,1,"mybarbersite.co.uk/grade-1 | barber | no website, 66 reviews at 4.7 | Chesterfield",,mybarbersite.co.uk/grade-1,A
Marmaris turkish barber,07982 901904,"14 Town End, Bolsover, Chesterfield",4.7,37,1,"mybarbersite.co.uk/marmaris-turkish-barber | barber | instagram only, 37 reviews at 4.7 | Chesterfield",https://instagram.com/marmaris__barbershop?igshid=YmMyMTA2M2Y=,mybarbersite.co.uk/marmaris-turkish-barber,C
Razor king'Z,07915 152351,"89 High St, Clay Cross, Chesterfield",4.4,86,1,"mybarbersite.co.uk/razor-kingz | barber | no website, 86 reviews at 4.4 | Chesterfield",,mybarbersite.co.uk/razor-kingz,A
A&B Barbers,07771 189707,"3 W Bars, Chesterfield",4.5,22,1,"mybarbersite.co.uk/aandb-barbers | barber | no website, 22 reviews at 4.5 | Chesterfield",,mybarbersite.co.uk/aandb-barbers,A
city barbers,07853 644454,"18 Wellingborough Rd, Northampton",4.4,146,1,"mybarbersite.co.uk/city-barbers | barber | no website, 146 reviews at 4.4 | Northampton",,mybarbersite.co.uk/city-barbers,A
Gino's barber,01604 248759,"180 Wellingborough Rd, Northampton",4.5,110,1,"mybarbersite.co.uk/ginos-barber | barber | no website, 110 reviews at 4.5 | Northampton",,mybarbersite.co.uk/ginos-barber,A
Gulab’s barber shop,07865 888068,"177 Kettering Rd, Northampton",4.6,140,1,"mybarbersite.co.uk/gulabs-barber-shop | barber | no website, 140 reviews at 4.6 | Northampton",,mybarbersite.co.uk/gulabs-barber-shop,A
H.R BARBER SHOP,07780 801271,"104 Wellingborough Rd, Northampton",4.5,24,1,"mybarbersite.co.uk/h-r-barber-shop | barber | no website, 24 reviews at 4.5 | Northampton",,mybarbersite.co.uk/h-r-barber-shop,A
The GENT Barbershop,01604 635023,"43 Gold St, Northampton",4.5,37,1,"mybarbersite.co.uk/the-gent-barbershop | barber | no website, 37 reviews at 4.5 | Northampton",,mybarbersite.co.uk/the-gent-barbershop,A
Great Northampton Barbers,07969 873663,"181B Wellingborough Rd, Northampton",4.6,26,1,"mybarbersite.co.uk/great-northampton-barbers | barber | no website, 26 reviews at 4.6 | Northampton",,mybarbersite.co.uk/great-northampton-barbers,A
Jonny's Barbers,01604 230369,"2A Victoria Rd, Northampton",4.7,80,1,"mybarbersite.co.uk/jonnys-barbers | barber | no website, 80 reviews at 4.7 | Northampton",,mybarbersite.co.uk/jonnys-barbers,A
Neli’s Barber Shop,07771 733609,"Unit 2, Wilks Walk, Northampton",4.5,89,1,"mybarbersite.co.uk/nelis-barber-shop | barber | no website, 89 reviews at 4.5 | Northampton",,mybarbersite.co.uk/nelis-barber-shop,A
Professional Barbers,07852 275083,"122a Wellingborough Rd, Northampton",4.4,97,1,"mybarbersite.co.uk/professional-barbers | barber | no website, 97 reviews at 4.4 | Northampton",,mybarbersite.co.uk/professional-barbers,A
Aron’s Barber Shop,07949 282852,"182 Birchfield Rd E, Northampton",4.7,41,1,"mybarbersite.co.uk/arons-barber-shop | barber | no website, 41 reviews at 4.7 | Northampton",,mybarbersite.co.uk/arons-barber-shop,A
Kurdish Hair Stylish,07865 633303,"6-10 Montagu St, Kettering",4.5,77,1,"mybarbersite.co.uk/kurdish-hair-stylish | barber | no website, 77 reviews at 4.5 | Kettering",,mybarbersite.co.uk/kurdish-hair-stylish,A
CR7 BARBER SHOP,07307 669666,"Federation House, 30a Rockingham Rd, Kettering",4.6,24,1,"mybarbersite.co.uk/cr7-barber-shop | barber | no website, 24 reviews at 4.6 | Kettering",,mybarbersite.co.uk/cr7-barber-shop,A
The Barbers Shop,01536 710267,"20A Bridge St, Rothwell, Kettering",4.7,84,1,"mybarbersite.co.uk/the-barbers-shop | barber | no website, 84 reviews at 4.7 | Kettering",,mybarbersite.co.uk/the-barbers-shop,A
Style Empire,01536 601414,"193 St Peter's Ave, Kettering",4.7,52,1,"mybarbersite.co.uk/style-empire | barber | no website, 52 reviews at 4.7 | Kettering",,mybarbersite.co.uk/style-empire,A
Ar Tarn Barbers,01536 763583,"Ar Tarn Barbers, 58 Station Rd, Desborough, Kettering",4.7,35,1,"mybarbersite.co.uk/ar-tarn-barbers | barber | no website, 35 reviews at 4.7 | Kettering",,mybarbersite.co.uk/ar-tarn-barbers,A
Corby Barber,07863 272010,"Oasis Retail Park, Corporation St, Corby",4.5,50,1,"mybarbersite.co.uk/corby-barber | barber | facebook only, 50 reviews at 4.5 | Corby",https://www.facebook.com/Corby-Barber-100892945862414/,mybarbersite.co.uk/corby-barber,B
Turkish Barber,07477 098921,"The Corby Candle, Oasis Retail Park, 8-9 New Post Office Sq, Corby",4.6,95,1,"mybarbersite.co.uk/turkish-barber-corby | barber | no website, 95 reviews at 4.6 | Corby",,mybarbersite.co.uk/turkish-barber-corby,A
Top Fadez Barbers,07428 155895,"Oasis Retail Park, 40 Elizabeth St, Corby",4.7,30,1,"mybarbersite.co.uk/top-fadez-barbers | barber | no website, 30 reviews at 4.7 | Corby",,mybarbersite.co.uk/top-fadez-barbers,A
Aram barber,01536 500241,"105 Welland Vale Rd, Corby",4.7,106,1,"mybarbersite.co.uk/aram-barber | barber | no website, 106 reviews at 4.7 | Corby",,mybarbersite.co.uk/aram-barber,A
Nawroz Barbershop,07414 106837,"Sarrington House, 64 High St, Corby",4.1,32,1,"mybarbersite.co.uk/nawroz-barbershop | barber | no website, 32 reviews at 4.1 | Corby",,mybarbersite.co.uk/nawroz-barbershop,A
Head Quarters,01536 202319,"3, Parade, The Balcony, Oasis Retail Park, Corporation St, Corby",4.3,44,1,"mybarbersite.co.uk/head-quarters | barber | no website, 44 reviews at 4.3 | Corby",,mybarbersite.co.uk/head-quarters,A
Mode Hair Design,07877 811084,"95 Rockingham Rd, Corby",4.4,27,1,"mybarbersite.co.uk/mode-hair-design | barber | no website, 27 reviews at 4.4 | Corby",,mybarbersite.co.uk/mode-hair-design,A
The Strand,01536 202682,"17 The Jamb, Corby",4.3,23,1,"mybarbersite.co.uk/the-strand | barber | no website, 23 reviews at 4.3 | Corby",,mybarbersite.co.uk/the-strand,A
Barbershop By Giovanni,01522 244542,"21 Guildhall St, Lincoln",4.4,78,1,"mybarbersite.co.uk/barbershop-by-giovanni | barber | facebook only, 78 reviews at 4.4 | Lincoln",https://www.facebook.com/BsByGio,mybarbersite.co.uk/barbershop-by-giovanni,B
Top Cut Hair,07479 713716,"Portland St, Lincoln",4.7,79,1,"mybarbersite.co.uk/top-cut-hair | barber | no website, 79 reviews at 4.7 | Lincoln",,mybarbersite.co.uk/top-cut-hair,A
Top Cut,07534 646911,"Welby St, Grantham",4.6,102,1,"mybarbersite.co.uk/top-cut | barber | no website, 102 reviews at 4.6 | Grantham",,mybarbersite.co.uk/top-cut,A
Hair port barber,07447 257405,"11 Wharf Rd, Grantham",4.7,36,1,"mybarbersite.co.uk/hair-port-barber | barber | no website, 36 reviews at 4.7 | Grantham",,mybarbersite.co.uk/hair-port-barber,A
Richards barbers,07976 796486,"33 Harrowby Ln, Grantham",4.7,33,1,"mybarbersite.co.uk/richards-barbers | barber | no website, 33 reviews at 4.7 | Grantham",,mybarbersite.co.uk/richards-barbers,A
29 Market Place Barber & Shop,01949 837733,"Cranmer House, 29 Market Pl, Bingham, Nottingham",4.7,84,1,"mybarbersite.co.uk/29-market-place-barber-and-shop | barber | no website, 84 reviews at 4.7 | Grantham",,mybarbersite.co.uk/29-market-place-barber-and-shop,A
Cutting Lounge Barbershop,07846 636220,"341 Blackburn Rd, Bolton",4.4,79,1,"mybarbersite.co.uk/cutting-lounge-barbershop | barber | no website, 79 reviews at 4.4 | Bolton",,mybarbersite.co.uk/cutting-lounge-barbershop,A
Nido's Cutz,07365 806716,"167 Mayor St, Bolton",4.6,37,1,"mybarbersite.co.uk/nidos-cutz | barber | no website, 37 reviews at 4.6 | Bolton",,mybarbersite.co.uk/nidos-cutz,A
TOP STYLE BARBER,07577 633953,"2 Waldeck St, Bolton",4.7,115,1,"mybarbersite.co.uk/top-style-barber | barber | no website, 115 reviews at 4.7 | Bolton",,mybarbersite.co.uk/top-style-barber,A
Barber 4 U,07754 137069,"429 Wigan Rd, Bolton",4.5,91,1,"mybarbersite.co.uk/barber-4-u | barber | instagram only, 91 reviews at 4.5 | Bolton",https://www.instagram.com/barber4.u/,mybarbersite.co.uk/barber-4-u,C
The Barbers club,07903 255464,Bolton,4.6,45,1,"mybarbersite.co.uk/the-barbers-club | barber | no website, 45 reviews at 4.6 | Bolton",,mybarbersite.co.uk/the-barbers-club,A
Mancave Gentleman's Grooming (Wigan Lane),07799 325414,"98 Wigan Ln, Wigan",4.2,56,1,"mybarbersite.co.uk/mancave-gentlemans-grooming-wigan-lane | barber | no website, 56 reviews at 4.2 | Wigan",,mybarbersite.co.uk/mancave-gentlemans-grooming-wigan-lane,A
VIP Barber Shop,07999 107676,"6 Clapgate Ln, Wigan",4.7,112,1,"mybarbersite.co.uk/vip-barber-shop | barber | instagram only, 112 reviews at 4.7 | Wigan",https://www.instagram.com/vipbarber1,mybarbersite.co.uk/vip-barber-shop,C
Anis barbers,07512 830293,"96 Darlington St E, Wigan",4.7,128,1,"mybarbersite.co.uk/anis-barbers | barber | no website, 128 reviews at 4.7 | Wigan",,mybarbersite.co.uk/anis-barbers,A
Mo's Barbers,07853 397962,"Hawk Hotel, hawkley hall, 48 Carr Ln, Wigan",4.3,51,1,"mybarbersite.co.uk/mos-barbers | barber | no website, 51 reviews at 4.3 | Wigan",,mybarbersite.co.uk/mos-barbers,A
Haz’s cut,07460 388147,"Beech Hill Ave, Wigan",4.7,24,1,"mybarbersite.co.uk/hazs-cut | barber | instagram only, 24 reviews at 4.7 | Wigan",https://www.instagram.com/top_gentelman_cuts?igsh=OTN4M2Roc3lwZDVj,mybarbersite.co.uk/hazs-cut,C
Marmaris turkish barbers,07427 753853,"16 Market St, Wigan",4.7,50,1,"mybarbersite.co.uk/marmaris-turkish-barbers | barber | no website, 50 reviews at 4.7 | Wigan",,mybarbersite.co.uk/marmaris-turkish-barbers,A
Manifesto Barbers,07888 427149,"204 Orrell Rd, Orrell, Wigan",4.7,62,1,"mybarbersite.co.uk/manifesto-barbers | barber | no website, 62 reviews at 4.7 | Wigan",,mybarbersite.co.uk/manifesto-barbers,A
Men’s lobby Gidlow lane,07757 408932,"403Gidlow Ln, Wigan",4.6,24,1,"mybarbersite.co.uk/mens-lobby-gidlow-lane | barber | no website, 24 reviews at 4.6 | Wigan",,mybarbersite.co.uk/mens-lobby-gidlow-lane,A
Queen Street Barbers,0161 678 8860,"5 Queen St, Oldham",4.7,149,1,"mybarbersite.co.uk/queen-street-barbers | barber | no website, 149 reviews at 4.7 | Oldham",,mybarbersite.co.uk/queen-street-barbers,A
BEST BARBER,07429 583454,"194 Ashton Rd, Oldham",4.4,79,1,"mybarbersite.co.uk/best-barber | barber | no website, 79 reviews at 4.4 | Oldham",,mybarbersite.co.uk/best-barber,A
Adams Cut Barber Shop,07576 521552,"Hollins Rd, Oldham",4.6,100,1,"mybarbersite.co.uk/adams-cut-barber-shop | barber | no website, 100 reviews at 4.6 | Oldham",,mybarbersite.co.uk/adams-cut-barber-shop,A
ISTANBUL BARBER SHOP,07378 462134,"774 Hollins Rd, Oldham",4.7,65,1,"mybarbersite.co.uk/istanbul-barber-shop | barber | no website, 65 reviews at 4.7 | Oldham",,mybarbersite.co.uk/istanbul-barber-shop,A
The Barber Shop,07800 986696,"Heron St, Oldham",4.3,35,1,"mybarbersite.co.uk/the-barber-shop-oldham | barber | no website, 35 reviews at 4.3 | Oldham",,mybarbersite.co.uk/the-barber-shop-oldham,A
Kings Barber,07378 305003,"754 Hollins Rd, Oldham",4.5,107,1,"mybarbersite.co.uk/kings-barber-oldham | barber | no website, 107 reviews at 4.5 | Oldham",,mybarbersite.co.uk/kings-barber-oldham,A
GentZ Barbers,07792 266062,"84 Brewerton Rd, Oldham",4.5,35,1,"mybarbersite.co.uk/gentz-barbers | barber | no website, 35 reviews at 4.5 | Oldham",,mybarbersite.co.uk/gentz-barbers,A
Shaw barbers,01706 840065,"Ashworth Court, 80 Market St, Shaw, Oldham",4.2,105,1,"mybarbersite.co.uk/shaw-barbers | barber | no website, 105 reviews at 4.2 | Oldham",,mybarbersite.co.uk/shaw-barbers,A
Denny's,07535 786819,"16 Fountain St, Oldham",4.2,37,1,"mybarbersite.co.uk/dennys | barber | no website, 37 reviews at 4.2 | Oldham",,mybarbersite.co.uk/dennys,A
Quick HairStyle,07768 115711,"265 Featherstall Rd N, Oldham",4.5,44,1,"mybarbersite.co.uk/quick-hairstyle | barber | no website, 44 reviews at 4.5 | Oldham",,mybarbersite.co.uk/quick-hairstyle,A
Istanbul New Style barber shop Rochdale,07448 252870,"425 Oldham Rd, Rochdale",4.7,147,1,"mybarbersite.co.uk/istanbul-new-style-barber-shop-rochdale | barber | no website, 147 reviews at 4.7 | Rochdale",,mybarbersite.co.uk/istanbul-new-style-barber-shop-rochdale,A
Unique Barbers,07542 937243,"134 Yorkshire St, Rochdale",4.1,131,1,"mybarbersite.co.uk/unique-barbers | barber | no website, 131 reviews at 4.1 | Rochdale",,mybarbersite.co.uk/unique-barbers,A
Master fade,07367 303535,"317 Oldham Rd, Rochdale",4.7,34,1,"mybarbersite.co.uk/master-fade | barber | no website, 34 reviews at 4.7 | Rochdale",,mybarbersite.co.uk/master-fade,A
Bazz Barber,07932 937427,"830 Manchester Rd, Rochdale",4.6,63,1,"mybarbersite.co.uk/bazz-barber | barber | instagram only, 63 reviews at 4.6 | Rochdale",https://instagram.com/castleton.top.barber?igshid=YmMyMTA2M2Y=,mybarbersite.co.uk/bazz-barber,C
H's Barberschool/shop,07581 404436,"36 Yorkshire St, Rochdale",4.7,39,1,"mybarbersite.co.uk/hs-barberschool-shop | barber | facebook only, 39 reviews at 4.7 | Rochdale",https://m.facebook.com/HsHighStreetBarbershop/,mybarbersite.co.uk/hs-barberschool-shop,B
HB BARBER,07482 592267,"252 Yorkshire St, Rochdale",4.2,20,1,"mybarbersite.co.uk/hb-barber | barber | no website, 20 reviews at 4.2 | Rochdale",,mybarbersite.co.uk/hb-barber,A
The gold scissors,07300 000000,"34 Yorkshire St, Rochdale",4.5,60,1,"mybarbersite.co.uk/the-gold-scissors | barber | no website, 60 reviews at 4.5 | Rochdale",,mybarbersite.co.uk/the-gold-scissors,A
Urban Hair Studio,07557 411232,"770 Manchester Rd, Rochdale",4.7,72,1,"mybarbersite.co.uk/urban-hair-studio | barber | facebook only, 72 reviews at 4.7 | Rochdale",https://www.facebook.com/Urbanhairstudio770/,mybarbersite.co.uk/urban-hair-studio,B
King Barbers,07412 999115,"5 The Strand, Rochdale",4.6,24,1,"mybarbersite.co.uk/king-barbers | barber | facebook only, 24 reviews at 4.6 | Rochdale",https://www.facebook.com/profile.php?id=100090455569278,mybarbersite.co.uk/king-barbers,B
Barber-Pro,07865 570808,"631 Rochdale Rd, Manchester",4.7,83,1,"mybarbersite.co.uk/barber-pro | barber | no website, 83 reviews at 4.7 | Rochdale",,mybarbersite.co.uk/barber-pro,A
R1 Barbers,07508 127546,"247 Rooley Moor Rd, Rochdale",3.7,24,1,"mybarbersite.co.uk/r1-barbers | barber | no website, 24 reviews at 3.7 | Rochdale",,mybarbersite.co.uk/r1-barbers,A
F6 Barbershop,07548 338080,"140 Rooley Moor Rd, Rochdale",4.3,32,1,"mybarbersite.co.uk/f6-barbershop | barber | no website, 32 reviews at 4.3 | Rochdale",,mybarbersite.co.uk/f6-barbershop,A
Trendy Haircut,07414 721026,"140 Whitworth Rd, Rochdale",4.6,75,1,"mybarbersite.co.uk/trendy-haircut | barber | no website, 75 reviews at 4.6 | Rochdale",,mybarbersite.co.uk/trendy-haircut,A
Ali Barbershop,07448 172265,"24 Well I' Th' Ln, Rochdale",4.5,40,1,"mybarbersite.co.uk/ali-barbershop | barber | no website, 40 reviews at 4.5 | Rochdale",,mybarbersite.co.uk/ali-barbershop,A
Royal Barber,07307 543533,"Merseyway Shopping Centre, 113 Princes St, Stockport",4.7,140,1,"mybarbersite.co.uk/royal-barber-stockport | barber | no website, 140 reviews at 4.7 | Stockport",,mybarbersite.co.uk/royal-barber-stockport,A
Chris King Barber Shop,07752 539514,"66 St Petersgate, Stockport",4.7,85,1,"mybarbersite.co.uk/chris-king-barber-shop | barber | no website, 85 reviews at 4.7 | Stockport",,mybarbersite.co.uk/chris-king-barber-shop,A
Town Barbers,07713 777328,"36 Market Pl, Stockport",4.6,49,1,"mybarbersite.co.uk/town-barbers | barber | facebook only, 49 reviews at 4.6 | Stockport",https://m.facebook.com/Town-Barbers-378074269066409/,mybarbersite.co.uk/town-barbers,B
Scissor Trim Barber Shop,0161 376 6852,"21 Castle St, Edgeley, Stockport",4.6,85,1,"mybarbersite.co.uk/scissor-trim-barber-shop | barber | no website, 85 reviews at 4.6 | Stockport",,mybarbersite.co.uk/scissor-trim-barber-shop,A
Legacy Barbers,07402 035835,"437 Buxton Rd, Stockport",4.7,88,1,"mybarbersite.co.uk/legacy-barbers | barber | no website, 88 reviews at 4.7 | Stockport",,mybarbersite.co.uk/legacy-barbers,A
SK Friends Barbers,0161 536 6462,"Sk friends barbers, 174 Hall St, Offerton, Stockport",4.7,136,1,"mybarbersite.co.uk/sk-friends-barbers | barber | facebook only, 136 reviews at 4.7 | Stockport",https://www.facebook.com/pages/category/Barber-Shop/SK-friends-barbers-103984531710326/posts/,mybarbersite.co.uk/sk-friends-barbers,B
Istanbul barber studio,07707 902518,"19 Bolton St, Bury",4.7,117,1,"mybarbersite.co.uk/istanbul-barber-studio | barber | no website, 117 reviews at 4.7 | Bury",,mybarbersite.co.uk/istanbul-barber-studio,A
The Barber Shop,01284 750962,"The Clock House, The Clock House, 6 Northgate Ave, Bury Saint Edmunds",4.5,79,1,"mybarbersite.co.uk/the-barber-shop-bury-saint-edmunds | barber | no website, 79 reviews at 4.5 | Bury",,mybarbersite.co.uk/the-barber-shop-bury-saint-edmunds,A
crewcuts,07474 018124,"44 Bolton St, Bury",4.5,67,1,"mybarbersite.co.uk/crewcuts | barber | no website, 67 reviews at 4.5 | Bury",,mybarbersite.co.uk/crewcuts,A
Crown Barber,07378 490701,"298 Tottington Rd, Bury",4.6,47,1,"mybarbersite.co.uk/crown-barber | barber | instagram only, 47 reviews at 4.6 | Bury",https://www.instagram.com/crown_barber1?igsh=YTJsY240MXl0ano0&utm_source=qr,mybarbersite.co.uk/crown-barber,C
Sleek Hair Cut,07742 477122,"139 Rochdale Rd, Bury",4.4,78,1,"mybarbersite.co.uk/sleek-hair-cut | barber | no website, 78 reviews at 4.4 | Bury",,mybarbersite.co.uk/sleek-hair-cut,A
RAMIN BARBERS,07766 302082,"64 Sunny Bank Rd, Unsworth, Bury",4.5,94,1,"mybarbersite.co.uk/ramin-barbers | barber | no website, 94 reviews at 4.5 | Bury",,mybarbersite.co.uk/ramin-barbers,A
Class Cuts Barber,07510 908103,"Ramsbottom, Bury",4.6,134,1,"mybarbersite.co.uk/class-cuts-barber | barber | facebook only, 134 reviews at 4.6 | Bury",https://m.facebook.com/Class-cuts-436118320095933/,mybarbersite.co.uk/class-cuts-barber,B
Nas Barber Shop,07872 428197,"112 Bridge St, Warrington",4.7,120,1,"mybarbersite.co.uk/nas-barber-shop | barber | facebook only, 120 reviews at 4.7 | Warrington",https://www.facebook.com/nas.barbershop/,mybarbersite.co.uk/nas-barber-shop,B
JANO Turkish Barber,07375 588668,"Unit 12, JUNCTION NINE RETAIL PARK, Alban Retail Park, Hawleys Ln, Warrington",4.7,145,1,"mybarbersite.co.uk/jano-turkish-barber | barber | facebook only, 145 reviews at 4.7 | Warrington",https://www.facebook.com/profile.php?id=100086310935243,mybarbersite.co.uk/jano-turkish-barber,B
BOSS CUT,07508 666606,"66 Sankey St, Warrington",4.6,63,1,"mybarbersite.co.uk/boss-cut | barber | no website, 63 reviews at 4.6 | Warrington",,mybarbersite.co.uk/boss-cut,A
Class Fade,07428 748765,"Martin Ave, Warrington",4.7,35,1,"mybarbersite.co.uk/class-fade | barber | instagram only, 35 reviews at 4.7 | Warrington",https://instagram.com/class_fade?igshid=YmMyMTA2M2Y=,mybarbersite.co.uk/class-fade,C
Two Brothers Barber Shop,01925 654300,"Rd, 2, Spa Brook 4Howson, Warrington",4.5,87,1,"mybarbersite.co.uk/two-brothers-barber-shop | barber | no website, 87 reviews at 4.5 | Warrington",,mybarbersite.co.uk/two-brothers-barber-shop,A
Sha barber,07723 853546,"3qz, 131 Marsh House Ln, Warrington",4.7,144,1,"mybarbersite.co.uk/sha-barber | barber | no website, 144 reviews at 4.7 | Warrington",,mybarbersite.co.uk/sha-barber,A
Kings Cuts,07580 525577,"Dewhurst Rd, Birchwood Shopping Centre, 4-6 Benson Rd, Birchwood, Warrington",4.4,147,1,"mybarbersite.co.uk/kings-cuts | barber | no website, 147 reviews at 4.4 | Warrington",,mybarbersite.co.uk/kings-cuts,A
HARON BARBER,07777 994521,"barber, HARON, 20 Lovely Ln, Warrington",4.4,36,1,"mybarbersite.co.uk/haron-barber | barber | no website, 36 reviews at 4.4 | Warrington",,mybarbersite.co.uk/haron-barber,A
Lane Ends Barbers,01925 871907,"4 Penketh Rd, Great Sankey, Warrington",4.7,108,1,"mybarbersite.co.uk/lane-ends-barbers | barber | no website, 108 reviews at 4.7 | Warrington",,mybarbersite.co.uk/lane-ends-barbers,A
G's Barbers,01925 450367,"164 Padgate Ln, Warrington",4.4,129,1,"mybarbersite.co.uk/gs-barbers | barber | no website, 129 reviews at 4.4 | Warrington",,mybarbersite.co.uk/gs-barbers,A
Class Cuts Barbers,07452 731994,"166 Lovely Ln, Warrington",4.5,104,1,"mybarbersite.co.uk/class-cuts-barbers | barber | no website, 104 reviews at 4.5 | Warrington",,mybarbersite.co.uk/class-cuts-barbers,A
Sam Barber,07447 479071,"738 Knutsford Rd, Latchford East, Warrington",4.5,84,1,"mybarbersite.co.uk/sam-barber | barber | no website, 84 reviews at 4.5 | Warrington",,mybarbersite.co.uk/sam-barber,A
Kings Barber,07887 991606,"17 Kingsway N, Warrington",4.5,45,1,"mybarbersite.co.uk/kings-barber-warrington | barber | no website, 45 reviews at 4.5 | Warrington",,mybarbersite.co.uk/kings-barber-warrington,A
Alan's Barber's,07564 139559,"110 Longshaw St, Bewsey, Warrington",4.7,97,1,"mybarbersite.co.uk/alans-barbers | barber | no website, 97 reviews at 4.7 | Warrington",,mybarbersite.co.uk/alans-barbers,A
G 2 Barbers,01925 814689,"137 Poplars Ave, Warrington",4.5,25,1,"mybarbersite.co.uk/g-2-barbers | barber | no website, 25 reviews at 4.5 | Warrington",,mybarbersite.co.uk/g-2-barbers,A
J’s BARBER LOUNGE,07393 337853,"38a Baldwin St, Saint Helens",4.6,56,1,"mybarbersite.co.uk/js-barber-lounge | barber | no website, 56 reviews at 4.6 | St Helens",,mybarbersite.co.uk/js-barber-lounge,A
Chop Shop Barbers,01744 757185,"86 Parr Stocks Rd, Saint Helens",4.7,43,1,"mybarbersite.co.uk/chop-shop-barbers | barber | no website, 43 reviews at 4.7 | St Helens",,mybarbersite.co.uk/chop-shop-barbers,A
Demon barber's 2,07918 070769,"142 Thatto Heath Rd, Thatto Heath, Saint Helens",4.7,88,1,"mybarbersite.co.uk/demon-barbers-2 | barber | no website, 88 reviews at 4.7 | St Helens",,mybarbersite.co.uk/demon-barbers-2,A
Yousif Barber,07474 193330,"533 Clock Face Rd, Clock Face, Saint Helens",4.3,93,1,"mybarbersite.co.uk/yousif-barber | barber | no website, 93 reviews at 4.3 | St Helens",,mybarbersite.co.uk/yousif-barber,A
Izzys Turkish barbers Haydock,01744 752922,"202 Clipsley Ln, Haydock, Saint Helens",4.6,101,1,"mybarbersite.co.uk/izzys-turkish-barbers-haydock | barber | no website, 101 reviews at 4.6 | St Helens",,mybarbersite.co.uk/izzys-turkish-barbers-haydock,A
London Gents Barber,07462 121241,"The Old Bull, Church St, Preston",4.6,76,1,"mybarbersite.co.uk/london-gents-barber | barber | no website, 76 reviews at 4.6 | Preston",,mybarbersite.co.uk/london-gents-barber,A
Mo's Barber Shop Preston,07803 704884,"183 Adelphi St, Preston",4,88,1,"mybarbersite.co.uk/mos-barber-shop-preston | barber | no website, 88 reviews at 4 | Preston",,mybarbersite.co.uk/mos-barber-shop-preston,A
Towns barbers,07494 133938,"Orchard St, Preston",4,20,1,"mybarbersite.co.uk/towns-barbers | barber | no website, 20 reviews at 4 | Preston",,mybarbersite.co.uk/towns-barbers,A
Istanbul barbers in Blackburn ⭐️,07398 975667,"6 Preston New Rd, Blackburn",4.7,81,1,"mybarbersite.co.uk/istanbul-barbers-in-blackburn | barber | no website, 81 reviews at 4.7 | Blackburn",,mybarbersite.co.uk/istanbul-barbers-in-blackburn,A
Marmaris Barbers Blackburn,07492 474527,"49 Whalley Range, Blackburn",4.7,116,1,"mybarbersite.co.uk/marmaris-barbers-blackburn | barber | no website, 116 reviews at 4.7 | Blackburn",,mybarbersite.co.uk/marmaris-barbers-blackburn,A
Bogaty Barber - Best Barbershop,07926 842045,"21 New Chapel St, Mill Hill, Blackburn",4.7,85,1,"mybarbersite.co.uk/bogaty-barber-best-barbershop | barber | no website, 85 reviews at 4.7 | Blackburn",,mybarbersite.co.uk/bogaty-barber-best-barbershop,A
Micks Barbers - Mickey P's,07940 730025,"44 Johnston St, Blackburn",4.7,138,1,"mybarbersite.co.uk/micks-barbers-mickey-ps | barber | facebook only, 138 reviews at 4.7 | Blackburn",https://www.facebook.com/profile.php?id=100009665614694,mybarbersite.co.uk/micks-barbers-mickey-ps,B
Saleem's Barber’s,07990 614544,"264 Audley Range, Blackburn",4.5,96,1,"mybarbersite.co.uk/saleems-barbers | barber | no website, 96 reviews at 4.5 | Blackburn",,mybarbersite.co.uk/saleems-barbers,A
New Look Barbers Blackburn Town Centre,07954 042170,"18 King St, Blackburn",4.7,37,1,"mybarbersite.co.uk/new-look-barbers-blackburn-town-centre | barber | no website, 37 reviews at 4.7 | Blackburn",,mybarbersite.co.uk/new-look-barbers-blackburn-town-centre,A
AD's barbers,07427 040888,"Johnston Street Hardware, 56 Johnston St, Blackburn",4.3,58,1,"mybarbersite.co.uk/ads-barbers | barber | no website, 58 reviews at 4.3 | Blackburn",,mybarbersite.co.uk/ads-barbers,A
Top Barber Shop,07525 143544,"13 New Chapel St, Mill Hill, Blackburn",4.3,97,1,"mybarbersite.co.uk/top-barber-shop | barber | no website, 97 reviews at 4.3 | Blackburn",,mybarbersite.co.uk/top-barber-shop,A
Golden Cuts,07474 829849,"Copy Nook, Blackburn",4.5,33,1,"mybarbersite.co.uk/golden-cuts | barber | facebook only, 33 reviews at 4.5 | Blackburn",https://www.facebook.com/Golden-Cuts-110718381747240/,mybarbersite.co.uk/golden-cuts,B
Turkish Barber Blackburn,07940 416250,"112a Whalley New Rd, Blackburn",4.3,74,1,"mybarbersite.co.uk/turkish-barber-blackburn | barber | tiktok only, 74 reviews at 4.3 | Blackburn",http://www.tiktok.com/@turkish_barber0,mybarbersite.co.uk/turkish-barber-blackburn,C
Irfan's Barber Shop,07872 121912,"51 Whalley New Rd, Blackburn",4.7,39,1,"mybarbersite.co.uk/irfans-barber-shop | barber | no website, 39 reviews at 4.7 | Blackburn",,mybarbersite.co.uk/irfans-barber-shop,A
KUTTING KREW BARBER SHOP,07388 627507,"457 Whalley New Rd, Blackburn",3.9,37,1,"mybarbersite.co.uk/kutting-krew-barber-shop | barber | no website, 37 reviews at 3.9 | Blackburn",,mybarbersite.co.uk/kutting-krew-barber-shop,A
Kutting edge,07851 116197,"1A Shear Brow, Blackburn",4.7,63,1,"mybarbersite.co.uk/kutting-edge | barber | no website, 63 reviews at 4.7 | Blackburn",,mybarbersite.co.uk/kutting-edge,A
Fadekingdom,07453 020265,"5 Croft St, Burnley",4.7,49,1,"mybarbersite.co.uk/fadekingdom | barber | no website, 49 reviews at 4.7 | Burnley",,mybarbersite.co.uk/fadekingdom,A
Star Barber,07916 288638,"132 St James's St, Burnley",4.7,64,1,"mybarbersite.co.uk/star-barber | barber | facebook only, 64 reviews at 4.7 | Burnley",https://www.facebook.com/milan.raza,mybarbersite.co.uk/star-barber,B
Turkish barBer burnley,01282 792829,"Spar Stores, 169 Accrington Rd, Burnley",4.7,56,1,"mybarbersite.co.uk/turkish-barber-burnley | barber | no website, 56 reviews at 4.7 | Burnley",,mybarbersite.co.uk/turkish-barber-burnley,A
Smart cutz,07864 599063,"114 Briercliffe Rd, Burnley",4.3,64,1,"mybarbersite.co.uk/smart-cutz | barber | no website, 64 reviews at 4.3 | Burnley",,mybarbersite.co.uk/smart-cutz,A
Top Cut Barber Shop,07393 832850,"316 Colne Rd, Burnley",4.4,24,1,"mybarbersite.co.uk/top-cut-barber-shop | barber | no website, 24 reviews at 4.4 | Burnley",,mybarbersite.co.uk/top-cut-barber-shop,A
Barber Bro's,07449 320404,"19 Burnley Rd, Padiham, Burnley",4.6,148,1,"mybarbersite.co.uk/barber-bros | barber | no website, 148 reviews at 4.6 | Burnley",,mybarbersite.co.uk/barber-bros,A
Top class barbers,07366 395916,"7 Colne Rd, Brierfield, Nelson",4.6,28,1,"mybarbersite.co.uk/top-class-barbers | barber | no website, 28 reviews at 4.6 | Burnley",,mybarbersite.co.uk/top-class-barbers,A
Fadez Barbers,07837 692848,"Unit 19, Victory Centre, New Scotland Rd, Nelson",4.6,49,1,"mybarbersite.co.uk/fadez-barbers | barber | facebook only, 49 reviews at 4.6 | Burnley",https://www.facebook.com/Fadez-barbers-102333424703067/,mybarbersite.co.uk/fadez-barbers,B
Ideal Hair Style,07523 464906,"152 Colne Rd, Burnley",4.5,45,1,"mybarbersite.co.uk/ideal-hair-style | barber | no website, 45 reviews at 4.5 | Burnley",,mybarbersite.co.uk/ideal-hair-style,A
KURDISH BARBER,07400 379945,"154 Central Dr, Blackpool",4.7,45,1,"mybarbersite.co.uk/kurdish-barber-blackpool | barber | no website, 45 reviews at 4.7 | Blackpool",,mybarbersite.co.uk/kurdish-barber-blackpool,A
THE BEACH BARBER. Highfield Rd,07398 989866,"128 Highfield Rd, Blackpool",4,50,1,"mybarbersite.co.uk/the-beach-barber-highfield-rd | barber | no website, 50 reviews at 4 | Blackpool",,mybarbersite.co.uk/the-beach-barber-highfield-rd,A
Simone's Italian Barbers,07739 657012,"88 Highfield Rd, Blackpool",4.7,120,1,"mybarbersite.co.uk/simones-italian-barbers | barber | no website, 120 reviews at 4.7 | Blackpool",,mybarbersite.co.uk/simones-italian-barbers,A
New Blades Barber,07865 742024,"2 Preston Old Rd, Blackpool",4.2,24,1,"mybarbersite.co.uk/new-blades-barber | barber | no website, 24 reviews at 4.2 | Blackpool",,mybarbersite.co.uk/new-blades-barber,A
Razor barbar shop,07400 400322,"314A Lytham Rd, Blackpool",4.4,20,1,"mybarbersite.co.uk/razor-barbar-shop | barber | no website, 20 reviews at 4.4 | Blackpool",,mybarbersite.co.uk/razor-barbar-shop,A
Tj's Barbers,07305 163710,"Sir Simons Arcade, Lancaster",4.7,50,1,"mybarbersite.co.uk/tjs-barbers | barber | facebook only, 50 reviews at 4.7 | Lancaster",https://m.facebook.com/tjsbarbers.lancaster,mybarbersite.co.uk/tjs-barbers,B
Dana barber turkish style,07491 356349,"2 Golgotha Rd, Lancaster",4.2,77,1,"mybarbersite.co.uk/dana-barber-turkish-style | barber | no website, 77 reviews at 4.2 | Lancaster",,mybarbersite.co.uk/dana-barber-turkish-style,A
Hairtology Turkish Barbers,07308 876470,"Unit D1, Sydney Parade, Western Parade, Blacon, Chester",4.7,76,1,"mybarbersite.co.uk/hairtology-turkish-barbers | barber | no website, 76 reviews at 4.7 | Chester",,mybarbersite.co.uk/hairtology-turkish-barbers,A
EBo barber,07774 700716,"73 Brook St, Chester",4.4,35,1,"mybarbersite.co.uk/ebo-barber | barber | no website, 35 reviews at 4.4 | Chester",,mybarbersite.co.uk/ebo-barber,A
Saltney Barber Shop,07588 206022,"Alyn Cottage, 20 Chester St, Saltney, Chester",4.6,30,1,"mybarbersite.co.uk/saltney-barber-shop | barber | no website, 30 reviews at 4.6 | Chester",,mybarbersite.co.uk/saltney-barber-shop,A
Bache Barbers,01244 371000,"9 Mill Ln, Upton, Chester",4.4,47,1,"mybarbersite.co.uk/bache-barbers | barber | facebook only, 47 reviews at 4.4 | Chester",https://www.facebook.com/bachebarbers/,mybarbersite.co.uk/bache-barbers,B
Studio 51,01244 344588,"51 Brook St, Chester",4.6,20,1,"mybarbersite.co.uk/studio-51 | barber | no website, 20 reviews at 4.6 | Chester",,mybarbersite.co.uk/studio-51,A
The mens room barber shop crewe,07380 596262,"317-319 West St, Crewe",4.6,139,1,"mybarbersite.co.uk/the-mens-room-barber-shop-crewe | barber | no website, 139 reviews at 4.6 | Crewe",,mybarbersite.co.uk/the-mens-room-barber-shop-crewe,A
Cheshire Barber,07783 259499,"211 Nantwich Rd, Crewe",4.6,136,1,"mybarbersite.co.uk/cheshire-barber | barber | no website, 136 reviews at 4.6 | Crewe",,mybarbersite.co.uk/cheshire-barber,A
Dads N Lads Family Barbers,01270 620044,"54 Beam St, Nantwich",4.6,99,1,"mybarbersite.co.uk/dads-n-lads-family-barbers | barber | no website, 99 reviews at 4.6 | Crewe",,mybarbersite.co.uk/dads-n-lads-family-barbers,A
The Mens Room,01270 611087,"29 Pillory St, Nantwich",4.7,47,1,"mybarbersite.co.uk/the-mens-room | barber | no website, 47 reviews at 4.7 | Crewe",,mybarbersite.co.uk/the-mens-room,A
Style Counsel,01270 216499,"261 Edleston Rd, Crewe",4.7,31,1,"mybarbersite.co.uk/style-counsel | barber | no website, 31 reviews at 4.7 | Crewe",,mybarbersite.co.uk/style-counsel,A
Star Barber Shop,07473 989553,"99 Botchergate, Carlisle",4.6,90,1,"mybarbersite.co.uk/star-barber-shop | barber | no website, 90 reviews at 4.6 | Carlisle",,mybarbersite.co.uk/star-barber-shop,A
Anystyle Barbers,07537 939193,"42 Lowther St, Carlisle",4.6,34,1,"mybarbersite.co.uk/anystyle-barbers | barber | no website, 34 reviews at 4.6 | Carlisle",,mybarbersite.co.uk/anystyle-barbers,A
Brazuca 5 Gentry Grooming,07826 909045,"13 Bank St, Carlisle",4.1,57,1,"mybarbersite.co.uk/brazuca-5-gentry-grooming | barber | no website, 57 reviews at 4.1 | Carlisle",,mybarbersite.co.uk/brazuca-5-gentry-grooming,A
Holme Heads,07723 085567,"93 Denton St, Carlisle",4.7,63,1,"mybarbersite.co.uk/holme-heads | barber | no website, 63 reviews at 4.7 | Carlisle",,mybarbersite.co.uk/holme-heads,A
Brazuca 1 Gentry Grooming,07765 202227,"43 Newtown Rd, Carlisle",3.9,117,1,"mybarbersite.co.uk/brazuca-1-gentry-grooming | barber | no website, 117 reviews at 3.9 | Carlisle",,mybarbersite.co.uk/brazuca-1-gentry-grooming,A
MUG & BRUSH BARBERS,07824 112983,"59 Wigton Rd, Carlisle",3.9,42,1,"mybarbersite.co.uk/mug-and-brush-barbers | barber | no website, 42 reviews at 3.9 | Carlisle",,mybarbersite.co.uk/mug-and-brush-barbers,A
Brunos Barbers,07523 111803,"2, market hall, Scotch St, Carlisle",4.7,127,1,"mybarbersite.co.uk/brunos-barbers | barber | no website, 127 reviews at 4.7 | Carlisle",,mybarbersite.co.uk/brunos-barbers,A
Talking Heads,01228 549292,"8 St Nicholas St, Carlisle",4.7,123,1,"mybarbersite.co.uk/talking-heads | barber | no website, 123 reviews at 4.7 | Carlisle",,mybarbersite.co.uk/talking-heads,A
GroomFellas,01228 512221,"9 Warwick St, Carlisle",4.5,33,1,"mybarbersite.co.uk/groomfellas | barber | facebook only, 33 reviews at 4.5 | Carlisle",https://www.facebook.com/GroomFellas,mybarbersite.co.uk/groomfellas,B
Sky Barbers huddersfield,07873 747569,"21 King St, Huddersfield",3.9,33,1,"mybarbersite.co.uk/sky-barbers-huddersfield | barber | no website, 33 reviews at 3.9 | Huddersfield",,mybarbersite.co.uk/sky-barbers-huddersfield,A
Grand barbershop,01484 451741,"33 Westbourne Rd, Marsh, Huddersfield",4.6,73,1,"mybarbersite.co.uk/grand-barbershop | barber | no website, 73 reviews at 4.6 | Huddersfield",,mybarbersite.co.uk/grand-barbershop,A
Sam's Barbers,07455 008717,"5A Trinity St, Huddersfield",4.5,116,1,"mybarbersite.co.uk/sams-barbers-huddersfield | barber | no website, 116 reviews at 4.5 | Huddersfield",,mybarbersite.co.uk/sams-barbers-huddersfield,A
Ali's Barbers,01484 900757,"167 Bradford Rd, Hillhouse, Huddersfield",4.6,50,1,"mybarbersite.co.uk/alis-barbers | barber | no website, 50 reviews at 4.6 | Huddersfield",,mybarbersite.co.uk/alis-barbers,A
Zee Hair Studio,07479 870493,"5 North St, Paddock, Huddersfield",4.7,52,1,"mybarbersite.co.uk/zee-hair-studio | barber | facebook only, 52 reviews at 4.7 | Huddersfield",https://www.facebook.com/Zee-hair-studio-109041111548036/,mybarbersite.co.uk/zee-hair-studio,B
Cooper barber,07459 537010,"Cooper barber, 19 Sycamore Ct, Sycamore Ave, Longwood, Huddersfield",4.5,56,1,"mybarbersite.co.uk/cooper-barber | barber | no website, 56 reviews at 4.5 | Huddersfield",,mybarbersite.co.uk/cooper-barber,A
BAZ barber,07719 509777,"152 Westbourne Rd, Marsh, Huddersfield",4.6,58,1,"mybarbersite.co.uk/baz-barber | barber | no website, 58 reviews at 4.6 | Huddersfield",,mybarbersite.co.uk/baz-barber,A
Marrakech Barber,01484 511540,"216 Manchester Rd, Thornton Lodge, Huddersfield",4.5,38,1,"mybarbersite.co.uk/marrakech-barber | barber | no website, 38 reviews at 4.5 | Huddersfield",,mybarbersite.co.uk/marrakech-barber,A
Cams Cuts,01484 520249,"8 Half Moon St, Huddersfield",4.3,106,1,"mybarbersite.co.uk/cams-cuts | barber | no website, 106 reviews at 4.3 | Huddersfield",,mybarbersite.co.uk/cams-cuts,A
West end barbers,01484 968004,"45 Wheathouse Rd, Birkby, Huddersfield",3.8,30,1,"mybarbersite.co.uk/west-end-barbers | barber | no website, 30 reviews at 3.8 | Huddersfield",,mybarbersite.co.uk/west-end-barbers,A
Milan Barber,07988 868745,"5 Market St, Huddersfield",3.5,40,1,"mybarbersite.co.uk/milan-barber | barber | facebook only, 40 reviews at 3.5 | Huddersfield",https://m.facebook.com/Turkishbarbe/,mybarbersite.co.uk/milan-barber,B
Babylon Barbers haircut,07403 517326,"Aspley, Huddersfield",4.4,72,1,"mybarbersite.co.uk/babylon-barbers-haircut | barber | no website, 72 reviews at 4.4 | Huddersfield",,mybarbersite.co.uk/babylon-barbers-haircut,A
Marmaris,07762 461594,"50B Long Ln, Huddersfield",4.5,54,1,"mybarbersite.co.uk/marmaris | barber | no website, 54 reviews at 4.5 | Huddersfield",,mybarbersite.co.uk/marmaris,A
Stuart’s Barber Shop,01484 517177,"19 Lowergate, Paddock, Huddersfield",4.7,56,1,"mybarbersite.co.uk/stuarts-barber-shop | barber | facebook only, 56 reviews at 4.7 | Huddersfield",https://www.facebook.com/stuartsbarbershop/,mybarbersite.co.uk/stuarts-barber-shop,B
HD3 Hair Cut barber shop,07572 775775,"66 Market St, Milnsbridge, Huddersfield",4.5,59,1,"mybarbersite.co.uk/hd3-hair-cut-barber-shop | barber | no website, 59 reviews at 4.5 | Huddersfield",,mybarbersite.co.uk/hd3-hair-cut-barber-shop,A
HD7 Barber,01484 767520,"994 Manchester Rd, Linthwaite, Huddersfield",4.7,102,1,"mybarbersite.co.uk/hd7-barber | barber | no website, 102 reviews at 4.7 | Huddersfield",,mybarbersite.co.uk/hd7-barber,A
West End Barbers,01422 760048,"200 Warley Rd, Halifax",4.5,93,1,"mybarbersite.co.uk/west-end-barbers-halifax | barber | no website, 93 reviews at 4.5 | Halifax",,mybarbersite.co.uk/west-end-barbers-halifax,A
Pasha Barbers,07716 007771,"2B Waterhouse St, Halifax",4.7,48,1,"mybarbersite.co.uk/pasha-barbers | barber | no website, 48 reviews at 4.7 | Halifax",,mybarbersite.co.uk/pasha-barbers,A
Aaron's Barbers,07361 531682,"17 Bull Grn, Halifax",4.7,55,1,"mybarbersite.co.uk/aarons-barbers | barber | no website, 55 reviews at 4.7 | Halifax",,mybarbersite.co.uk/aarons-barbers,A
Barber King ovenden,07511 323241,"next Ladbroke next to polish shop, 354 Ovenden Rd, Ovenden, Halifax",4.6,76,1,"mybarbersite.co.uk/barber-king-ovenden | barber | facebook only, 76 reviews at 4.6 | Halifax",https://www.facebook.com/share/1983CBRUQs/,mybarbersite.co.uk/barber-king-ovenden,B
THE BARBER HOUSE,07763 745861,"171 Dewsbury Rd, Wakefield",4.3,48,1,"mybarbersite.co.uk/the-barber-house-wakefield | barber | no website, 48 reviews at 4.3 | Wakefield",,mybarbersite.co.uk/the-barber-house-wakefield,A
Istanbul barbers,07532 741773,"61A Northgate, Wakefield",4.6,62,1,"mybarbersite.co.uk/istanbul-barbers-wakefield | barber | no website, 62 reviews at 4.6 | Wakefield",,mybarbersite.co.uk/istanbul-barbers-wakefield,A
Angel Barber Shop,07936 003185,"75 Westgate End, Wakefield",4.6,139,1,"mybarbersite.co.uk/angel-barber-shop | barber | no website, 139 reviews at 4.6 | Wakefield",,mybarbersite.co.uk/angel-barber-shop,A
S & S Barbers,07481 135631,"11 Belle Vue Rd, Wakefield",4.5,86,1,"mybarbersite.co.uk/s-and-s-barbers | barber | no website, 86 reviews at 4.5 | Wakefield",,mybarbersite.co.uk/s-and-s-barbers,A
Best Cutz,07719 916208,"23 The Springs, Wakefield",4.2,78,1,"mybarbersite.co.uk/best-cutz | barber | no website, 78 reviews at 4.2 | Wakefield",,mybarbersite.co.uk/best-cutz,A
Ouz's Barbers,07848 942006,"Holdsworth House, 11 Wood St, Wakefield",4.4,90,1,"mybarbersite.co.uk/ouzs-barbers | barber | no website, 90 reviews at 4.4 | Wakefield",,mybarbersite.co.uk/ouzs-barbers,A
Cutz,07724 792652,"26 Westmorland St, Wakefield",4,60,1,"mybarbersite.co.uk/cutz | barber | no website, 60 reviews at 4 | Wakefield",,mybarbersite.co.uk/cutz,A
Gaffers Barbering,01924 298006,"Bullring House, 21 Northgate, Wakefield",4.7,96,1,"mybarbersite.co.uk/gaffers-barbering | barber | no website, 96 reviews at 4.7 | Wakefield",,mybarbersite.co.uk/gaffers-barbering,A
Nasir's Barber,07427 034194,"29 Westgate End, Wakefield",4.7,36,1,"mybarbersite.co.uk/nasirs-barber | barber | no website, 36 reviews at 4.7 | Wakefield",,mybarbersite.co.uk/nasirs-barber,A
High Street Barbers,07862 503645,"46a High St, Horbury, Wakefield",4.7,67,1,"mybarbersite.co.uk/high-street-barbers | barber | facebook only, 67 reviews at 4.7 | Wakefield",https://www.facebook.com/profile.php?id=100091979418486,mybarbersite.co.uk/high-street-barbers,B
Gents Barber,07728 420208,"72 Bradford Rd, East Ardsley, Wakefield",4.6,43,1,"mybarbersite.co.uk/gents-barber | barber | facebook only, 43 reviews at 4.6 | Wakefield",https://www.facebook.com/profile.php?id=100089461070528,mybarbersite.co.uk/gents-barber,B
Fades barber shop and sunbeds,07738 498845,"9 Waterton Rd, Lupset, Wakefield",4.7,44,1,"mybarbersite.co.uk/fades-barber-shop-and-sunbeds | barber | no website, 44 reviews at 4.7 | Wakefield",,mybarbersite.co.uk/fades-barber-shop-and-sunbeds,A
Barnsley Barbers,07575 558182,"30 Racecommon Rd, Barnsley",4.5,80,1,"mybarbersite.co.uk/barnsley-barbers | barber | no website, 80 reviews at 4.5 | Barnsley",,mybarbersite.co.uk/barnsley-barbers,A
GOLD CUT,07770 202658,"4 Cheapside, Barnsley",4.3,111,1,"mybarbersite.co.uk/gold-cut | barber | no website, 111 reviews at 4.3 | Barnsley",,mybarbersite.co.uk/gold-cut,A
LDF BARBER,07480 020260,"158 Sheffield Rd, Barnsley",4.7,65,1,"mybarbersite.co.uk/ldf-barber | barber | no website, 65 reviews at 4.7 | Barnsley",,mybarbersite.co.uk/ldf-barber,A
Hot Towel Barbers,07402 190190,"5 Pitt St, Barnsley",4.5,114,1,"mybarbersite.co.uk/hot-towel-barbers | barber | no website, 114 reviews at 4.5 | Barnsley",,mybarbersite.co.uk/hot-towel-barbers,A
Good Fellow's Barbershop,07877 720095,"1 Peel Street Arcade, Barnsley",4.7,29,1,"mybarbersite.co.uk/good-fellows-barbershop | barber | no website, 29 reviews at 4.7 | Barnsley",,mybarbersite.co.uk/good-fellows-barbershop,A
Top Cutz Barbers,07708 699555,"4 Pitt St, Barnsley",4.5,84,1,"mybarbersite.co.uk/top-cutz-barbers | barber | no website, 84 reviews at 4.5 | Barnsley",,mybarbersite.co.uk/top-cutz-barbers,A
Remix Barbershop,07401 900007,"46 Eldon St N, Barnsley",4.6,49,1,"mybarbersite.co.uk/remix-barbershop | barber | no website, 49 reviews at 4.6 | Barnsley",,mybarbersite.co.uk/remix-barbershop,A
The Barber's Chair,07449 970611,"The Alhambra Shopping Centre, Barnsley",4,26,1,"mybarbersite.co.uk/the-barbers-chair | barber | facebook only, 26 reviews at 4 | Barnsley",https://www.facebook.com/profile.php?id=100066711676388,mybarbersite.co.uk/the-barbers-chair,B
Cool cut's Turkish barber shop,07432 755921,"512 Doncaster Rd, Stairfoot, Barnsley",4.7,48,1,"mybarbersite.co.uk/cool-cuts-turkish-barber-shop | barber | no website, 48 reviews at 4.7 | Barnsley",,mybarbersite.co.uk/cool-cuts-turkish-barber-shop,A
"Rush barber (Corton Wood, Morrison)",07776 617295,"Unit 1, Morrisons, Cortonwood Retail Park, Corton Wood, Brampton Bierlow, Barnsley",4.7,49,1,"mybarbersite.co.uk/rush-barber-corton-wood-morrison | barber | no website, 49 reviews at 4.7 | Barnsley",,mybarbersite.co.uk/rush-barber-corton-wood-morrison,A
Top Cutz Barber,07344 609832,"31 King St, Hoyland, Barnsley",4.2,47,1,"mybarbersite.co.uk/top-cutz-barber | barber | facebook only, 47 reviews at 4.2 | Barnsley",https://www.facebook.com/people/Top-cutz-barber-_-hoyland/100042567742115/,mybarbersite.co.uk/top-cutz-barber,B
Allan SuperCut LTD,07746 464998,"The Tan Factory, 11 E Laith Gate, Doncaster",4.6,74,1,"mybarbersite.co.uk/allan-supercut-ltd | barber | no website, 74 reviews at 4.6 | Doncaster",,mybarbersite.co.uk/allan-supercut-ltd,A
S&S Barber,07547 072061,"282 Balby Rd, Doncaster",4.6,99,1,"mybarbersite.co.uk/sands-barber | barber | no website, 99 reviews at 4.6 | Doncaster",,mybarbersite.co.uk/sands-barber,A
ALis Super Cut,07402 028835,Doncaster,4.6,109,1,"mybarbersite.co.uk/alis-super-cut | barber | no website, 109 reviews at 4.6 | Doncaster",,mybarbersite.co.uk/alis-super-cut,A
Bladez Barbers,07570 005270,"2 Nether Hall Rd, Doncaster",4.6,31,1,"mybarbersite.co.uk/bladez-barbers | barber | tiktok only, 31 reviews at 4.6 | Doncaster",https://www.tiktok.com/@bladezbarber,mybarbersite.co.uk/bladez-barbers,C
Top Cuts Barber,07728 593831,"Old post office, 47Beckett Road, Doncaster",4.3,81,1,"mybarbersite.co.uk/top-cuts-barber | barber | no website, 81 reviews at 4.3 | Doncaster",,mybarbersite.co.uk/top-cuts-barber,A
Balby Top Cutz,07311 086741,"Karens Pet & Aquatic Corner, 118 Warmsworth Rd, Doncaster",4.5,106,1,"mybarbersite.co.uk/balby-top-cutz | barber | no website, 106 reviews at 4.5 | Doncaster",,mybarbersite.co.uk/balby-top-cutz,A
Barber King,07492 830803,"2, Doncaster",4.2,30,1,"mybarbersite.co.uk/barber-king | barber | no website, 30 reviews at 4.2 | Doncaster",,mybarbersite.co.uk/barber-king,A
Ramy’s Barber,07900 030268,"9-10 King Ave, New Rossington, Doncaster",4.7,131,1,"mybarbersite.co.uk/ramys-barber | barber | no website, 131 reviews at 4.7 | Doncaster",,mybarbersite.co.uk/ramys-barber,A
Royalty Barbers,07876 537668,"22 Market Rd, Doncaster",4.3,21,1,"mybarbersite.co.uk/royalty-barbers | barber | no website, 21 reviews at 4.3 | Doncaster",,mybarbersite.co.uk/royalty-barbers,A
Good Fellows Barber Shop,07927 987668,"Cleveland St., Doncaster",4,64,1,"mybarbersite.co.uk/good-fellows-barber-shop | barber | no website, 64 reviews at 4 | Doncaster",,mybarbersite.co.uk/good-fellows-barber-shop,A
Golden scissors barber,07938 399910,"1 Silver St, Doncaster",4.4,26,1,"mybarbersite.co.uk/golden-scissors-barber | barber | no website, 26 reviews at 4.4 | Doncaster",,mybarbersite.co.uk/golden-scissors-barber,A
Legend Barber (Rotherham),07851 964494,"100 Middle Ln, Rotherham",4.7,125,1,"mybarbersite.co.uk/legend-barber-rotherham | barber | facebook only, 125 reviews at 4.7 | Rotherham",https://www.facebook.com/LegendBarberRotherham1,mybarbersite.co.uk/legend-barber-rotherham,B
GOLD CUT,07405 807158,"475 Herringthorpe Valley Rd, Rotherham",4.6,140,1,"mybarbersite.co.uk/gold-cut-rotherham | barber | no website, 140 reviews at 4.6 | Rotherham",,mybarbersite.co.uk/gold-cut-rotherham,A
Top Cutz,01709 370992,"49 Selwyn St, Rotherham",4.7,31,1,"mybarbersite.co.uk/top-cutz | barber | no website, 31 reviews at 4.7 | Rotherham",,mybarbersite.co.uk/top-cutz,A
Trimz Barbers,07399 164874,"135 Wellgate, Rotherham",4.6,56,1,"mybarbersite.co.uk/trimz-barbers | barber | no website, 56 reviews at 4.6 | Rotherham",,mybarbersite.co.uk/trimz-barbers,A
RB's,07933 873216,"75 Wellgate, Rotherham",4.5,48,1,"mybarbersite.co.uk/rbs | barber | no website, 48 reviews at 4.5 | Rotherham",,mybarbersite.co.uk/rbs,A
GOLD CUT,01709 373575,"33 Effingham St, Rotherham",4.3,69,1,"mybarbersite.co.uk/gold-cut-rotherham-2 | barber | no website, 69 reviews at 4.3 | Rotherham",,mybarbersite.co.uk/gold-cut-rotherham-2,A
Ace of Fadez,07955 358674,"7 Main St, Catcliffe, Rotherham",4.7,78,1,"mybarbersite.co.uk/ace-of-fadez | barber | no website, 78 reviews at 4.7 | Rotherham",,mybarbersite.co.uk/ace-of-fadez,A
Prince Cuts,07828 098252,"155 Masbrough St, Rotherham",4.6,79,1,"mybarbersite.co.uk/prince-cuts | barber | no website, 79 reviews at 4.6 | Rotherham",,mybarbersite.co.uk/prince-cuts,A
Top Cut,07832 793795,"37 Wellgate, Rotherham",4.5,73,1,"mybarbersite.co.uk/top-cut-rotherham | barber | no website, 73 reviews at 4.5 | Rotherham",,mybarbersite.co.uk/top-cut-rotherham,A
GOLD CUT,01709 557416,"4 Blackburn Rd, Sheffield, Rotherham",4.7,94,1,"mybarbersite.co.uk/gold-cut-rotherham-3 | barber | no website, 94 reviews at 4.7 | Rotherham",,mybarbersite.co.uk/gold-cut-rotherham-3,A
New style Barber,07454 984582,"70 Kilnhurst Rd, Rawmarsh, Rotherham",4.7,74,1,"mybarbersite.co.uk/new-style-barber-rotherham | barber | no website, 74 reviews at 4.7 | Rotherham",,mybarbersite.co.uk/new-style-barber-rotherham,A
The Barber's 88 Bramley,07480 942564,"107 Main St, Bramley, Rotherham",4.7,113,1,"mybarbersite.co.uk/the-barbers-88-bramley | barber | no website, 113 reviews at 4.7 | Rotherham",,mybarbersite.co.uk/the-barbers-88-bramley,A
Mns Hair Cutz,01709 431027,"Fitzwilliam Rd, Rotherham",4.4,21,1,"mybarbersite.co.uk/mns-hair-cutz | barber | no website, 21 reviews at 4.4 | Rotherham",,mybarbersite.co.uk/mns-hair-cutz,A
Ace Of Fades Bradford,01274 442609,"14 Duckworth Ln, Bradford",4.7,65,1,"mybarbersite.co.uk/ace-of-fades-bradford | barber | instagram only, 65 reviews at 4.7 | Bradford",https://www.instagram.com/aceoffades110/,mybarbersite.co.uk/ace-of-fades-bradford,C
The Barber Shop,07308 221555,"814 Manchester Rd, Bradford",4.7,78,1,"mybarbersite.co.uk/the-barber-shop-bradford | barber | no website, 78 reviews at 4.7 | Bradford",,mybarbersite.co.uk/the-barber-shop-bradford,A
Spotlight barbers,07868 362814,"Harewood St, Bradford",4.7,44,1,"mybarbersite.co.uk/spotlight-barbers | barber | no website, 44 reviews at 4.7 | Bradford",,mybarbersite.co.uk/spotlight-barbers,A
Milano Barber Shop Bradford,01274 270100,"93 Kirkgate, Bradford",4.6,81,1,"mybarbersite.co.uk/milano-barber-shop-bradford | barber | instagram only, 81 reviews at 4.6 | Bradford",https://instagram.com/milanobradford,mybarbersite.co.uk/milano-barber-shop-bradford,C
IDOL CUTS By Ali's barbers,01274 012610,"1 -3 Albion Rd, Bradford",4.6,97,1,"mybarbersite.co.uk/idol-cuts-by-alis-barbers | barber | no website, 97 reviews at 4.6 | Bradford",,mybarbersite.co.uk/idol-cuts-by-alis-barbers,A
Figaros Gents Barbers,01274 522526,"84B Moore Ave, Wibsey, Bradford",4.3,65,1,"mybarbersite.co.uk/figaros-gents-barbers | barber | no website, 65 reviews at 4.3 | Bradford",,mybarbersite.co.uk/figaros-gents-barbers,A
Exclusive Cutz,07536 840236,"276 Leeds Rd, Bradford",4.4,56,1,"mybarbersite.co.uk/exclusive-cutz | barber | no website, 56 reviews at 4.4 | Bradford",,mybarbersite.co.uk/exclusive-cutz,A
Smooth cutz,07944 744428,"Carlton Villa, 21b Pelham Rd, Eccleshill, Bradford",4.3,35,1,"mybarbersite.co.uk/smooth-cutz | barber | no website, 35 reviews at 4.3 | Bradford",,mybarbersite.co.uk/smooth-cutz,A
Clipperz & Fadez,07523 741044,"Kashmir Cloth House, 58 Leeds Old Rd, Bradford",4.5,54,1,"mybarbersite.co.uk/clipperz-and-fadez | barber | no website, 54 reviews at 4.5 | Bradford",,mybarbersite.co.uk/clipperz-and-fadez,A
Snip Barbershop,07710 807816,"84 Nunnery Ln, York",4.5,33,1,"mybarbersite.co.uk/snip-barbershop | barber | no website, 33 reviews at 4.5 | York",,mybarbersite.co.uk/snip-barbershop,A
Headline barber ️ ️ ️ ️ ️,07960 432415,"3 Beaconsfield St, Acomb, York",4.6,93,1,"mybarbersite.co.uk/headline-barber | barber | facebook only, 93 reviews at 4.6 | York",https://www.facebook.com/headlinebarberinacomb/,mybarbersite.co.uk/headline-barber,B
Amad barber,07513 261198,"Regent Buildings, 6 York Rd, Acomb, York",4.6,29,1,"mybarbersite.co.uk/amad-barber | barber | no website, 29 reviews at 4.6 | York",,mybarbersite.co.uk/amad-barber,A
Crown Barber Shop,07718 300585,"157 King's Rd, Harrogate",4.7,82,1,"mybarbersite.co.uk/crown-barber-shop | barber | linktree only, 82 reviews at 4.7 | Harrogate",https://linktr.ee/CrownBarberShopHarrogate,mybarbersite.co.uk/crown-barber-shop,C
Mr Men's Barbers,01423 875388,"Harrogate Cleaners & Intrim, 32 Cold Bath Rd, Harrogate",4.6,91,1,"mybarbersite.co.uk/mr-mens-barbers | barber | no website, 91 reviews at 4.6 | Harrogate",,mybarbersite.co.uk/mr-mens-barbers,A
The Barber Shop,01423 885707,"87 Knaresborough Rd, Harrogate",4.5,111,1,"mybarbersite.co.uk/the-barber-shop-harrogate | barber | no website, 111 reviews at 4.5 | Harrogate",,mybarbersite.co.uk/the-barber-shop-harrogate,A
Top Hat Barbers,01423 860060,"10 High St, Knaresborough",4.4,23,1,"mybarbersite.co.uk/top-hat-barbers | barber | no website, 23 reviews at 4.4 | Harrogate",,mybarbersite.co.uk/top-hat-barbers,A
Genius Barbers Alwoodley,07456 300234,"Harrogate Rd, Leeds",4.7,135,1,"mybarbersite.co.uk/genius-barbers-alwoodley | barber | no website, 135 reviews at 4.7 | Harrogate",,mybarbersite.co.uk/genius-barbers-alwoodley,A
MS VIP CUTS,07835 185726,"611Holderness road, Hull",4.7,149,1,"mybarbersite.co.uk/ms-vip-cuts | barber | no website, 149 reviews at 4.7 | Hull",,mybarbersite.co.uk/ms-vip-cuts,A
Hull barbers,07387 377901,"Spring Bank W, Hull",4.7,122,1,"mybarbersite.co.uk/hull-barbers | barber | no website, 122 reviews at 4.7 | Hull",,mybarbersite.co.uk/hull-barbers,A
UpperCutz East Hull,07424 065113,"50 New Bridge Rd, Hull",4.3,28,1,"mybarbersite.co.uk/uppercutz-east-hull | barber | instagram only, 28 reviews at 4.3 | Hull",https://instagram.com/uppercutz_easthull?igshid=YmMyMTA2M2Y=,mybarbersite.co.uk/uppercutz-east-hull,C
Halo Barber,07453 285453,"414 Beverley Rd, Hull",4.7,37,1,"mybarbersite.co.uk/halo-barber | barber | no website, 37 reviews at 4.7 | Hull",,mybarbersite.co.uk/halo-barber,A
Uppercutz Paragon Street,07541 990206,"89 Paragon St, Hull",4.2,36,1,"mybarbersite.co.uk/uppercutz-paragon-street | barber | no website, 36 reviews at 4.2 | Hull",,mybarbersite.co.uk/uppercutz-paragon-street,A
InfinityVIPbarber,07828 986264,"Road, 312 Hessle Rd, Hessle, Hull",4.5,112,1,"mybarbersite.co.uk/infinityvipbarber | barber | no website, 112 reviews at 4.5 | Hull",,mybarbersite.co.uk/infinityvipbarber,A
The icon barber 116 LTD,07944 427108,"116 Shannon Rd, Hull",4.6,48,1,"mybarbersite.co.uk/the-icon-barber-116-ltd | barber | no website, 48 reviews at 4.6 | Hull",,mybarbersite.co.uk/the-icon-barber-116-ltd,A
Razor Cuts,07933 859827,"19 South St, Hull",4.5,39,1,"mybarbersite.co.uk/razor-cuts | barber | no website, 39 reviews at 4.5 | Hull",,mybarbersite.co.uk/razor-cuts,A
MURAT'S PLACE BARBER SHOP,07513 796853,"202 Little Coates Rd., Grimsby",4.6,79,1,"mybarbersite.co.uk/murats-place-barber-shop | barber | no website, 79 reviews at 4.6 | Grimsby",,mybarbersite.co.uk/murats-place-barber-shop,A
GREAT UK BARBER,07388 822607,"194 Freeman St, Grimsby",4.7,24,1,"mybarbersite.co.uk/great-uk-barber | barber | no website, 24 reviews at 4.7 | Grimsby",,mybarbersite.co.uk/great-uk-barber,A
Boyce Barbers,01472 351172,"7C E St Mary's Gate, Freshney Place, Grimsby",4.7,41,1,"mybarbersite.co.uk/boyce-barbers | barber | no website, 41 reviews at 4.7 | Grimsby",,mybarbersite.co.uk/boyce-barbers,A
GOLDEN SCISSORS WALTHAM,01472 514805,"69 High St, Waltham, Grimsby",4.7,46,1,"mybarbersite.co.uk/golden-scissors-waltham | barber | no website, 46 reviews at 4.7 | Grimsby",,mybarbersite.co.uk/golden-scissors-waltham,A
Sonnies Barber Shop,07598 361143,"Forbuoys Plc, 340 Grimsby Rd, Humberston, Grimsby",4.4,81,1,"mybarbersite.co.uk/sonnies-barber-shop | barber | facebook only, 81 reviews at 4.4 | Grimsby",https://www.facebook.com/sonniesbarbershop/,mybarbersite.co.uk/sonnies-barber-shop,B
Sweeney's of Scartho Ltd,01472 281166,"43 Waltham Rd, Scartho, Grimsby",4.2,139,1,"mybarbersite.co.uk/sweeneys-of-scartho-ltd | barber | facebook only, 139 reviews at 4.2 | Grimsby",https://www.facebook.com/profile.php?id=100093544073978,mybarbersite.co.uk/sweeneys-of-scartho-ltd,B
Clee fade,01472 305972,"8 St Peter's Ave, Cleethorpes",4.7,48,1,"mybarbersite.co.uk/clee-fade | barber | no website, 48 reviews at 4.7 | Grimsby",,mybarbersite.co.uk/clee-fade,A
Barnets Barbers Scartho,01472 752800,"21 Waltham Rd, Scartho, Grimsby",4.6,61,1,"mybarbersite.co.uk/barnets-barbers-scartho | barber | no website, 61 reviews at 4.6 | Grimsby",,mybarbersite.co.uk/barnets-barbers-scartho,A
Marmaris Barbers,07544 488874,"70 Grimsby Rd, Cleethorpes",4.5,38,1,"mybarbersite.co.uk/marmaris-barbers | barber | no website, 38 reviews at 4.5 | Grimsby",,mybarbersite.co.uk/marmaris-barbers,A
Bernie's Barbers,07473 344758,"146b Taylor's Ave, Cleethorpes",4.6,26,1,"mybarbersite.co.uk/bernies-barbers | barber | no website, 26 reviews at 4.6 | Grimsby",,mybarbersite.co.uk/bernies-barbers,A
Goran's Barber Shop,01472 561432,"43A Grimsby Rd, Cleethorpes",4.7,102,1,"mybarbersite.co.uk/gorans-barber-shop | barber | no website, 102 reviews at 4.7 | Grimsby",,mybarbersite.co.uk/gorans-barber-shop,A
Paris Hairs Grimsby,07594 822165,"19 Friargate, Freshney place shopping centre DN31, Grimsby",4.2,52,1,"mybarbersite.co.uk/paris-hairs-grimsby | barber | facebook only, 52 reviews at 4.2 | Grimsby",https://www.facebook.com/pg/Paris-hairs-Grimsby-102608482005467/community/,mybarbersite.co.uk/paris-hairs-grimsby,B
Hair Port,01472 290675,"4 Short St, Cleethorpes",4.5,57,1,"mybarbersite.co.uk/hair-port | barber | no website, 57 reviews at 4.5 | Grimsby",,mybarbersite.co.uk/hair-port,A
Chesters Barber Shop,01472 816775,"3 Peaks Ln, New Waltham, Grimsby",4.6,45,1,"mybarbersite.co.uk/chesters-barber-shop | barber | no website, 45 reviews at 4.6 | Grimsby",,mybarbersite.co.uk/chesters-barber-shop,A
JJs,01472 883415,"332 St Nicholas Dr, Grimsby",4.3,69,1,"mybarbersite.co.uk/jjs | barber | no website, 69 reviews at 4.3 | Grimsby",,mybarbersite.co.uk/jjs,A
K C's Hair Studio,01472 878391,"172 Sutcliffe Ave, Nunsthorpe, Grimsby",4.7,60,1,"mybarbersite.co.uk/k-cs-hair-studio | barber | no website, 60 reviews at 4.7 | Grimsby",,mybarbersite.co.uk/k-cs-hair-studio,A
Kurdishbarbers,07447 279911,"21 Doncaster Rd, Scunthorpe",4.6,89,1,"mybarbersite.co.uk/kurdishbarbers | barber | no website, 89 reviews at 4.6 | Scunthorpe",,mybarbersite.co.uk/kurdishbarbers,A
Fades & Shades,07916 239539,"302 Ashby High St, Ashby, Scunthorpe",4.5,28,1,"mybarbersite.co.uk/fades-and-shades | barber | no website, 28 reviews at 4.5 | Scunthorpe",,mybarbersite.co.uk/fades-and-shades,A
Yes Men Barbers,01724 270455,"247a Ashby High St, Ashby, Scunthorpe",4.3,110,1,"mybarbersite.co.uk/yes-men-barbers | barber | no website, 110 reviews at 4.3 | Scunthorpe",,mybarbersite.co.uk/yes-men-barbers,A
K1 Golden Scissors,07474 104977,"Lindley House, 238 Ashby High St, Ashby, Scunthorpe",4.2,45,1,"mybarbersite.co.uk/k1-golden-scissors-scunthorpe | barber | no website, 45 reviews at 4.2 | Scunthorpe",,mybarbersite.co.uk/k1-golden-scissors-scunthorpe,A
Chaplins Barbers,07855 484165,"64 Old Brumby St, Scunthorpe",4.6,68,1,"mybarbersite.co.uk/chaplins-barbers | barber | no website, 68 reviews at 4.6 | Scunthorpe",,mybarbersite.co.uk/chaplins-barbers,A
Brigg barber,07513 311010,"30 Market Pl, Brigg",4.7,33,1,"mybarbersite.co.uk/brigg-barber | barber | facebook only, 33 reviews at 4.7 | Scunthorpe",https://m.facebook.com/Briggbarber/,mybarbersite.co.uk/brigg-barber,B
The Revolution,07514 131451,"23 Doncaster Rd, Scunthorpe",4.7,64,1,"mybarbersite.co.uk/the-revolution | barber | no website, 64 reviews at 4.7 | Scunthorpe",,mybarbersite.co.uk/the-revolution,A
Halo,01724 857906,"149 High St, Scunthorpe",4.6,81,1,"mybarbersite.co.uk/halo | barber | no website, 81 reviews at 4.6 | Scunthorpe",,mybarbersite.co.uk/halo,A
Kilty Cuts,07583 678820,"167 High St, Scunthorpe",4.7,87,1,"mybarbersite.co.uk/kilty-cuts | barber | facebook only, 87 reviews at 4.7 | Scunthorpe",https://www.facebook.com/share/g/1DNBUmPbcF/,mybarbersite.co.uk/kilty-cuts,B
Azad Cutz,07986 850733,"117 Crescent Rd, Middlesbrough",4.7,42,1,"mybarbersite.co.uk/azad-cutz | barber | no website, 42 reviews at 4.7 | Middlesbrough",,mybarbersite.co.uk/azad-cutz,A
Skills Barbers Middlesbrough,07447 726688,"93 Linthorpe Rd, Middlesbrough",4.4,63,1,"mybarbersite.co.uk/skills-barbers-middlesbrough | barber | no website, 63 reviews at 4.4 | Middlesbrough",,mybarbersite.co.uk/skills-barbers-middlesbrough,A
Erol's Barbers,07951 123004,"432 Marton Rd, Middlesbrough",4.7,86,1,"mybarbersite.co.uk/erols-barbers | barber | facebook only, 86 reviews at 4.7 | Middlesbrough",https://www.facebook.com/Erols-barbers-827745020646812/,mybarbersite.co.uk/erols-barbers,B
Ash’s Hair Lounge,07799 067334,"Unit 2 Longlands Rd, Middlesbrough",4.7,80,1,"mybarbersite.co.uk/ashs-hair-lounge | barber | no website, 80 reviews at 4.7 | Middlesbrough",,mybarbersite.co.uk/ashs-hair-lounge,A
AJ Barber,07480 005543,"205 Marton Rd, Middlesbrough",4.4,27,1,"mybarbersite.co.uk/aj-barber | barber | no website, 27 reviews at 4.4 | Middlesbrough",,mybarbersite.co.uk/aj-barber,A
Daniel's Barbers,07517 394590,"Kestrel Ave, Middlesbrough",4.6,36,1,"mybarbersite.co.uk/daniels-barbers | barber | no website, 36 reviews at 4.6 | Middlesbrough",,mybarbersite.co.uk/daniels-barbers,A
ET Duke Barbers,07386 439899,"51 Duke St, Darlington",4.5,114,1,"mybarbersite.co.uk/et-duke-barbers | barber | no website, 114 reviews at 4.5 | Darlington",,mybarbersite.co.uk/et-duke-barbers,A
S. Kurdish Barbers,07523 200603,"23 W Auckland Rd, Darlington",4.6,58,1,"mybarbersite.co.uk/s-kurdish-barbers | barber | no website, 58 reviews at 4.6 | Darlington",,mybarbersite.co.uk/s-kurdish-barbers,A
Darlo Barber Limited,07413 273609,"326 North Rd, Darlington",4.5,29,1,"mybarbersite.co.uk/darlo-barber-limited | barber | no website, 29 reviews at 4.5 | Darlington",,mybarbersite.co.uk/darlo-barber-limited,A
Kos’s Barbers,07428 481891,"142 North Rd, Darlington",4.5,51,1,"mybarbersite.co.uk/koss-barbers | barber | no website, 51 reviews at 4.5 | Darlington",,mybarbersite.co.uk/koss-barbers,A
Ottoman Barbers,0191 649 6451,"2 Derwent St, Sunderland",4.4,119,1,"mybarbersite.co.uk/ottoman-barbers | barber | no website, 119 reviews at 4.4 | Sunderland",,mybarbersite.co.uk/ottoman-barbers,A
Barberlandsunderland,07383 276727,"163 Hylton Rd, Sunderland",4.5,26,1,"mybarbersite.co.uk/barberlandsunderland | barber | no website, 26 reviews at 4.5 | Sunderland",,mybarbersite.co.uk/barberlandsunderland,A
Alex Barbers - Sunderland,07519 191818,"Unit 7, William Doxford Centre Sunderland, William doxford centre, Sunderland",4.7,36,1,"mybarbersite.co.uk/alex-barbers-sunderland | barber | no website, 36 reviews at 4.7 | Sunderland",,mybarbersite.co.uk/alex-barbers-sunderland,A
Ardo’s Barbers,07932 332925,"154 Chester Rd, Sunderland",4.3,82,1,"mybarbersite.co.uk/ardos-barbers | barber | no website, 82 reviews at 4.3 | Sunderland",,mybarbersite.co.uk/ardos-barbers,A
Alfies Barbershop,0191 597 6952,"The Mortgage Centre Ltd, 45 Dovedale Rd, Sunderland",4.6,39,1,"mybarbersite.co.uk/alfies-barbershop | barber | facebook only, 39 reviews at 4.6 | Sunderland",https://m.facebook.com/Alfies-Barber-SHOP-326470987365678/,mybarbersite.co.uk/alfies-barbershop,B
A&M barber,07440 665044,"Humber Pharmacy, 7 Humber Rd, Coventry",4.9,78,1,"mybarbersite.co.uk/aandm-barber | barber | no website, 78 reviews at 4.9 | Coventry",,mybarbersite.co.uk/aandm-barber,A
V2 barbershop,024 7509 6066,"92 Walsgrave Rd, Coventry",5,42,1,"mybarbersite.co.uk/v2-barbershop | barber | no website, 42 reviews at 5 | Coventry",,mybarbersite.co.uk/v2-barbershop,A
Faded,07926 879223,"2 Westhill Rd, Coventry",5,40,1,"mybarbersite.co.uk/faded-coventry | barber | no website, 40 reviews at 5 | Coventry",,mybarbersite.co.uk/faded-coventry,A
D&M barber,07383 639213,"Far Gosford St, Coventry",5,98,1,"mybarbersite.co.uk/dandm-barber | barber | no website, 98 reviews at 5 | Coventry",,mybarbersite.co.uk/dandm-barber,A
Saif's Barber,07534 881003,"Canley Food Store, 21 Burnsall Rd, Coventry",4.9,119,1,"mybarbersite.co.uk/saifs-barber | barber | no website, 119 reviews at 4.9 | Coventry",,mybarbersite.co.uk/saifs-barber,A
GASHA STYLE BARBER,07518 888862,"35 Heath Cres, Coventry",4.9,41,1,"mybarbersite.co.uk/gasha-style-barber | barber | instagram only, 41 reviews at 4.9 | Coventry",https://www.instagram.com/gasha.2026?igsh=MXUxdGJ5YXgyZmFocg%3D%3D&utm_source=qr,mybarbersite.co.uk/gasha-style-barber,C
Tile hill barber shop,024 7615 7559,"2 Torrington Ave, Coventry",5,24,1,"mybarbersite.co.uk/tile-hill-barber-shop | barber | no website, 24 reviews at 5 | Coventry",,mybarbersite.co.uk/tile-hill-barber-shop,A
Re Barber Shop,07450 675747,"258 Harnall Ln E, Coventry",4.8,92,1,"mybarbersite.co.uk/re-barber-shop | barber | no website, 92 reviews at 4.8 | Coventry",,mybarbersite.co.uk/re-barber-shop,A
LUPEMBA’S BARBER,07405 021495,"76A Walsgrave Rd, Coventry",5,77,1,"mybarbersite.co.uk/lupembas-barber | barber | no website, 77 reviews at 5 | Coventry",,mybarbersite.co.uk/lupembas-barber,A
Bell Green Barber,024 7531 3491,"2 Hall Green Rd, Bell Green, Coventry",5,53,1,"mybarbersite.co.uk/bell-green-barber | barber | tiktok only, 53 reviews at 5 | Coventry",https://www.tiktok.com/@bellgreenbarbers?_t=8jsnF1vrSVc&_r=1,mybarbersite.co.uk/bell-green-barber,C
H&S Barber Shop,07743 701215,"308 Foleshill Rd, Foleshill, Coventry",4.8,110,1,"mybarbersite.co.uk/hands-barber-shop | barber | no website, 110 reviews at 4.8 | Coventry",,mybarbersite.co.uk/hands-barber-shop,A
The Cave barber,024 7531 6291,"715 Tile Hill Ln, Coventry",4.9,102,1,"mybarbersite.co.uk/the-cave-barber | barber | no website, 102 reviews at 4.9 | Coventry",,mybarbersite.co.uk/the-cave-barber,A
TOP-TURKISH BARBER,07884 299642,"506 Stafford Rd, Oxley, Wolverhampton",4.9,79,1,"mybarbersite.co.uk/top-turkish-barber | barber | instagram only, 79 reviews at 4.9 | Wolverhampton",https://www.instagram.com/topturkishbarber/,mybarbersite.co.uk/top-turkish-barber,C
IFFY FADEZ BARBERS,07447 861770,"shop 2, 70 Old Heath Rd, Wolverhampton",5,53,1,"mybarbersite.co.uk/iffy-fadez-barbers | barber | no website, 53 reviews at 5 | Wolverhampton",,mybarbersite.co.uk/iffy-fadez-barbers,A
Turkish King Razor,07412 772373,"320A Hordern Rd, Wolverhampton",4.8,118,1,"mybarbersite.co.uk/turkish-king-razor | barber | no website, 118 reviews at 4.8 | Wolverhampton",,mybarbersite.co.uk/turkish-king-razor,A
FRESH CUT,07468 636455,"130 Castlecroft Rd, Wolverhampton",4.9,88,1,"mybarbersite.co.uk/fresh-cut | barber | instagram only, 88 reviews at 4.9 | Wolverhampton",https://www.instagram.com/fresh_cut0111?igsh=dWw1bWkxNGh1dmJ6&utm_source=qr,mybarbersite.co.uk/fresh-cut,C
TREND HairStyle,07880 116757,"58 Dudley Rd, Wolverhampton",5,82,1,"mybarbersite.co.uk/trend-hairstyle | barber | no website, 82 reviews at 5 | Wolverhampton",,mybarbersite.co.uk/trend-hairstyle,A
Danny's Cuts,07376 026981,"42 Warstones Rd, Penn, Wolverhampton",4.9,137,1,"mybarbersite.co.uk/dannys-cuts | barber | no website, 137 reviews at 4.9 | Wolverhampton",,mybarbersite.co.uk/dannys-cuts,A
Scissor Cut Gents Barber Shop,07412 885286,"Goldthorn Stores, 83 Upper Villiers St, Wolverhampton",4.9,38,1,"mybarbersite.co.uk/scissor-cut-gents-barber-shop | barber | no website, 38 reviews at 4.9 | Wolverhampton",,mybarbersite.co.uk/scissor-cut-gents-barber-shop,A
Golden Touch Barber,01902 546336,"Dovedale Rd, Lanesfield, Wolverhampton",4.8,94,1,"mybarbersite.co.uk/golden-touch-barber | barber | no website, 94 reviews at 4.8 | Wolverhampton",,mybarbersite.co.uk/golden-touch-barber,A
Fade&blade,07453 732940,"755 Cannock Rd, Wolverhampton",5,36,1,"mybarbersite.co.uk/fadeandblade | barber | no website, 36 reviews at 5 | Wolverhampton",,mybarbersite.co.uk/fadeandblade,A
Magic scissors,07428 500535,"7 First Ave, Wolverhampton",4.9,53,1,"mybarbersite.co.uk/magic-scissors | barber | instagram only, 53 reviews at 4.9 | Wolverhampton",https://instagram.com/magicscissors__?igshid=YmMyMTA2M2Y=,mybarbersite.co.uk/magic-scissors,C
Razor King Barber,01902 546690,"20 Hateley Dr, Wolverhampton",4.8,64,1,"mybarbersite.co.uk/razor-king-barber | barber | no website, 64 reviews at 4.8 | Wolverhampton",,mybarbersite.co.uk/razor-king-barber,A
Judicoal @ Foxy’s Barbershop,07918 650339,"Foxy's Barbers, 239 Cannock Rd, Park Village, Wolverhampton",4.8,31,1,"mybarbersite.co.uk/judicoal-foxys-barbershop | barber | no website, 31 reviews at 4.8 | Wolverhampton",,mybarbersite.co.uk/judicoal-foxys-barbershop,A
V10 barbers,07934 323985,"Bushbury Ln, Wolverhampton",4.9,31,1,"mybarbersite.co.uk/v10-barbers | barber | no website, 31 reviews at 4.9 | Wolverhampton",,mybarbersite.co.uk/v10-barbers,A
Fh5 Barbers,01902 652110,"327 Penn Rd, Wolverhampton",4.8,76,1,"mybarbersite.co.uk/fh5-barbers | barber | no website, 76 reviews at 4.8 | Wolverhampton",,mybarbersite.co.uk/fh5-barbers,A
The Fade Collective,07359 637064,"15 Birches Barn Rd, Wolverhampton",4.8,51,1,"mybarbersite.co.uk/the-fade-collective | barber | no website, 51 reviews at 4.8 | Wolverhampton",,mybarbersite.co.uk/the-fade-collective,A
Wills Barbers,07915 395406,"288 Linthouse Ln, Wolverhampton",5,21,1,"mybarbersite.co.uk/wills-barbers | barber | no website, 21 reviews at 5 | Wolverhampton",,mybarbersite.co.uk/wills-barbers,A
Raymond's Barbershop,01902 926676,"3 Broad Ln, Wolverhampton",4.9,99,1,"mybarbersite.co.uk/raymonds-barbershop | barber | facebook only, 99 reviews at 4.9 | Wolverhampton",https://m.facebook.com/wilsonbarber22/?locale2=en_GB,mybarbersite.co.uk/raymonds-barbershop,B
Boho Barber Co,07985 395505,"4a Villiers Ave, Bilston",5,55,1,"mybarbersite.co.uk/boho-barber-co | barber | no website, 55 reviews at 5 | Wolverhampton",,mybarbersite.co.uk/boho-barber-co,A
Best cuts,07757 258880,"32a Park St, Walsall",5,42,1,"mybarbersite.co.uk/best-cuts | barber | no website, 42 reviews at 5 | Walsall",,mybarbersite.co.uk/best-cuts,A
Broadway Barbers,07596 919010,"9 Hawes Rd, Walsall",4.8,25,1,"mybarbersite.co.uk/broadway-barbers | barber | instagram only, 25 reviews at 4.8 | Walsall",https://www.instagram.com/barbersbroadway?igsh=MWg3c3hheTBpbGgwdw%3D%3D&utm_source=qr,mybarbersite.co.uk/broadway-barbers,C
Sweeney jo's barbershop,07763 670359,"37 Queen Elizabeth Ave, Walsall",4.9,71,1,"mybarbersite.co.uk/sweeney-jos-barbershop | barber | no website, 71 reviews at 4.9 | Walsall",,mybarbersite.co.uk/sweeney-jos-barbershop,A
Walsall Barber,07757 277376,"9 Bridge St, Walsall",4.9,138,1,"mybarbersite.co.uk/walsall-barber | barber | tiktok only, 138 reviews at 4.9 | Walsall",https://www.tiktok.com/@ballen.cutz?_t=ZS-8uGLet0aNTp&_r=1,mybarbersite.co.uk/walsall-barber,C
ADSZY BARBERZ,07803 724660,"97 Caldmore Rd, Walsall",4.8,22,1,"mybarbersite.co.uk/adszy-barberz | barber | no website, 22 reviews at 4.8 | Walsall",,mybarbersite.co.uk/adszy-barberz,A
Hcutzzz mobile barber,07429 969631,"H2H9+XM5, Walsall",5,43,1,"mybarbersite.co.uk/hcutzzz-mobile-barber | barber | no website, 43 reviews at 5 | Walsall",,mybarbersite.co.uk/hcutzzz-mobile-barber,A
Velocity Barbershop,07526 538968,"4 Willows Rd, Shelfield, Walsall",5,105,1,"mybarbersite.co.uk/velocity-barbershop | barber | instagram only, 105 reviews at 5 | Walsall",https://instagram.com/velocitybarbershop,mybarbersite.co.uk/velocity-barbershop,C
Shak barbers,07462 452229,"2 Stephenson Square, Bloxwich, Walsall",4.9,69,1,"mybarbersite.co.uk/shak-barbers | barber | no website, 69 reviews at 4.9 | Walsall",,mybarbersite.co.uk/shak-barbers,A
J's barber shop,07495 769563,Walsall,4.8,59,1,"mybarbersite.co.uk/js-barber-shop | barber | no website, 59 reviews at 4.8 | Walsall",,mybarbersite.co.uk/js-barber-shop,A
Kurdish Magic Scissor,07448 637754,"Barracks Ln, Bloxwich, Walsall",4.8,48,1,"mybarbersite.co.uk/kurdish-magic-scissor | barber | no website, 48 reviews at 4.8 | Walsall",,mybarbersite.co.uk/kurdish-magic-scissor,A
KING CUT,07474 442242,"171B Wolverhampton Rd, Pelsall, Walsall",4.8,69,1,"mybarbersite.co.uk/king-cut | barber | no website, 69 reviews at 4.8 | Walsall",,mybarbersite.co.uk/king-cut,A
Magic Scissors,07886 632840,"210 Walsall Wood Rd, Aldridge, Walsall",5,51,1,"mybarbersite.co.uk/magic-scissors-walsall | barber | no website, 51 reviews at 5 | Walsall",,mybarbersite.co.uk/magic-scissors-walsall,A
Katz Kutz,01922 123455,"124 Wolverhampton Rd, Walsall",4.8,54,1,"mybarbersite.co.uk/katz-kutz | barber | no website, 54 reviews at 4.8 | Walsall",,mybarbersite.co.uk/katz-kutz,A
New style barbers,07424 227591,"165 a, 165 High St, Bloxwich, Walsall",4.8,22,1,"mybarbersite.co.uk/new-style-barbers | barber | no website, 22 reviews at 4.8 | Walsall",,mybarbersite.co.uk/new-style-barbers,A
Distinguished Barbers,07356 213116,"29 Salters Rd, Walsall Wood, Walsall",5,115,1,"mybarbersite.co.uk/distinguished-barbers | barber | no website, 115 reviews at 5 | Walsall",,mybarbersite.co.uk/distinguished-barbers,A
Leamore Barbers Haircuts & Shaves,07867 044304,"619 Bloxwich Rd, Bloxwich, Walsall",4.8,96,1,"mybarbersite.co.uk/leamore-barbers-haircuts-and-shaves | barber | no website, 96 reviews at 4.8 | Walsall",,mybarbersite.co.uk/leamore-barbers-haircuts-and-shaves,A
Top Barbers Aldridge,07423 327228,"Anchor House, 24 Anchor Rd, Aldridge, Walsall",4.8,52,1,"mybarbersite.co.uk/top-barbers-aldridge | barber | no website, 52 reviews at 4.8 | Walsall",,mybarbersite.co.uk/top-barbers-aldridge,A
Dark Faders Barbershop,07719 284725,"5 W Bromwich St, Caldmore, Walsall",4.8,77,1,"mybarbersite.co.uk/dark-faders-barbershop | barber | no website, 77 reviews at 4.8 | Walsall",,mybarbersite.co.uk/dark-faders-barbershop,A
Golden Blades Barber,07737 571506,"166A Walsall Rd, West Bromwich",4.9,44,1,"mybarbersite.co.uk/golden-blades-barber | barber | no website, 44 reviews at 4.9 | Walsall",,mybarbersite.co.uk/golden-blades-barber,A
Subby Fades,07491 475092,"4 The Broadway, Dudley",4.9,131,1,"mybarbersite.co.uk/subby-fades | barber | no website, 131 reviews at 4.9 | Dudley",,mybarbersite.co.uk/subby-fades,A
Sidfade barbering,07860 112014,"1 Union St, Dudley",4.9,118,1,"mybarbersite.co.uk/sidfade-barbering | barber | no website, 118 reviews at 4.9 | Dudley",,mybarbersite.co.uk/sidfade-barbering,A
FADE BARBERS,07960 549813,"39 Cole St, Dudley",4.9,105,1,"mybarbersite.co.uk/fade-barbers | barber | no website, 105 reviews at 4.9 | Dudley",,mybarbersite.co.uk/fade-barbers,A
Fresh cuts,07544 431972,"5-7 Lake St, Dudley",4.9,75,1,"mybarbersite.co.uk/fresh-cuts-dudley | barber | no website, 75 reviews at 4.9 | Dudley",,mybarbersite.co.uk/fresh-cuts-dudley,A
New st Turkish barbers,07960 024999,"Gladstone Buildings, New St, Dudley",5,58,1,"mybarbersite.co.uk/new-st-turkish-barbers | barber | no website, 58 reviews at 5 | Dudley",,mybarbersite.co.uk/new-st-turkish-barbers,A
Supreme Hair Studio,07480 806682,"14 Highview St, Dudley",4.9,122,1,"mybarbersite.co.uk/supreme-hair-studio | barber | no website, 122 reviews at 4.9 | Dudley",,mybarbersite.co.uk/supreme-hair-studio,A
Dudley Turkish Barbers,01384 523379,"42 Stafford St, Dudley",4.8,66,1,"mybarbersite.co.uk/dudley-turkish-barbers | barber | no website, 66 reviews at 4.8 | Dudley",,mybarbersite.co.uk/dudley-turkish-barbers,A
Leo's Barbers,07490 569781,"141 Priory Rd, Dudley",4.8,28,1,"mybarbersite.co.uk/leos-barbers | barber | no website, 28 reviews at 4.8 | Dudley",,mybarbersite.co.uk/leos-barbers,A
Headliners,01384 383446,"94 High St, Dudley",4.8,81,1,"mybarbersite.co.uk/headliners | barber | no website, 81 reviews at 4.8 | Dudley",,mybarbersite.co.uk/headliners,A
Chop Shop Barbers,07871 995102,"79 Russells Hall Rd, Dudley",4.9,118,1,"mybarbersite.co.uk/chop-shop-barbers-dudley | barber | facebook only, 118 reviews at 4.9 | Dudley",https://m.facebook.com/Chopshopbarbersdudley/?ref=bookmarks,mybarbersite.co.uk/chop-shop-barbers-dudley,B
Town Barber Sedgley,01902 884896,"1 Alderwood Precinct, Dudley",5,121,1,"mybarbersite.co.uk/town-barber-sedgley | barber | no website, 121 reviews at 5 | Dudley",,mybarbersite.co.uk/town-barber-sedgley,A
OD’s Barbershop,07498 446634,"40 Sedgley Rd, Dudley",4.9,72,1,"mybarbersite.co.uk/ods-barbershop | barber | no website, 72 reviews at 4.9 | Dudley",,mybarbersite.co.uk/ods-barbershop,A
DY5 CUTS,07498 896999,"104 High St, Pensnett, Brierley Hill",4.9,39,1,"mybarbersite.co.uk/dy5-cuts | barber | no website, 39 reviews at 4.9 | Dudley",,mybarbersite.co.uk/dy5-cuts,A
Mo’s Barber,07863 235377,"13 High Oak, Pensnett, Brierley Hill",5,35,1,"mybarbersite.co.uk/mos-barber | barber | no website, 35 reviews at 5 | Dudley",,mybarbersite.co.uk/mos-barber,A
Glory Barber,07440 133374,"80 Parkes Hall Rd, Dudley",5,52,1,"mybarbersite.co.uk/glory-barber | barber | instagram only, 52 reviews at 5 | Dudley",https://www.instagram.com/glory_barbershop_?igsh=MXR4c3Z6aXA4OXRtbg==&utm_source=qr,mybarbersite.co.uk/glory-barber,C
Razor Edge Barbershop,07891 122137,"195 High St, Quarry Bank, Brierley Hill",4.8,79,1,"mybarbersite.co.uk/razor-edge-barbershop | barber | no website, 79 reviews at 4.8 | Dudley",,mybarbersite.co.uk/razor-edge-barbershop,A
BS1 BarberShop,01384 287937,"16A Albion Parade, Kingswinford",4.9,79,1,"mybarbersite.co.uk/bs1-barbershop | barber | no website, 79 reviews at 4.9 | Dudley",,mybarbersite.co.uk/bs1-barbershop,A
Cut Fellaz Barber Club,07405 173205,"172 High St, Blackheath, Rowley Regis",4.9,81,1,"mybarbersite.co.uk/cut-fellaz-barber-club | barber | instagram only, 81 reviews at 4.9 | Dudley",http://instagram.com/cutfellazbarbersclub,mybarbersite.co.uk/cut-fellaz-barber-club,C
Best Cutz Turkish Barber,07473 162492,"308 Beaconview Rd, West Bromwich",4.9,53,1,"mybarbersite.co.uk/best-cutz-turkish-barber | barber | no website, 53 reviews at 4.9 | West Bromwich",,mybarbersite.co.uk/best-cutz-turkish-barber,A
Great Cutz,07535 878665,"55 Great Bridge St, Great Bridge, Swan Village, West Bromwich",4.9,46,1,"mybarbersite.co.uk/great-cutz | barber | instagram only, 46 reviews at 4.9 | West Bromwich",https://www.instagram.com/great__cutz?igsh=MTFzcmZvbHRmc29yZg==&utm_source=qr,mybarbersite.co.uk/great-cutz,C
MENS EMPYRE (Ss Barbers),07979 936616,"Sevenspace, 121 Spon Ln, West Bromwich",5,28,1,"mybarbersite.co.uk/mens-empyre-ss-barbers | barber | no website, 28 reviews at 5 | West Bromwich",,mybarbersite.co.uk/mens-empyre-ss-barbers,A
Five Star Barbers,07575 477659,"Rydding Ln, West Bromwich",4.9,50,1,"mybarbersite.co.uk/five-star-barbers | barber | instagram only, 50 reviews at 4.9 | West Bromwich",https://www.instagram.com/five.starbarbers?igsh=MWF4bjc1OGdxODRoNQ%3D%3D&utm_source=qr,mybarbersite.co.uk/five-star-barbers,C
Irfan Barbers,07830 990800,"31 Victoria St, West Bromwich",5,29,1,"mybarbersite.co.uk/irfan-barbers | barber | no website, 29 reviews at 5 | West Bromwich",,mybarbersite.co.uk/irfan-barbers,A
The Loft Barbershop,0121 525 8004,"23A St Michael St, West Bromwich",4.9,60,1,"mybarbersite.co.uk/the-loft-barbershop | barber | no website, 60 reviews at 4.9 | West Bromwich",,mybarbersite.co.uk/the-loft-barbershop,A
Top Cut Turkish Barber,07400 158380,"110 Hollyhedge Rd, Birmingham",4.8,30,1,"mybarbersite.co.uk/top-cut-turkish-barber | barber | instagram only, 30 reviews at 4.8 | West Bromwich",https://instagram.com/top_cut_turkish_barber?igshid=NzZlODBkYWE4Ng==,mybarbersite.co.uk/top-cut-turkish-barber,C
Hava’s Fade,07496 510685,"9 Bowstoke Rd, Birmingham",5,103,1,"mybarbersite.co.uk/havas-fade | barber | instagram only, 103 reviews at 5 | West Bromwich",https://www.instagram.com/havas_fade_greatbarr?igsh=MTZyNm13ejAzNnBpcw%3D%3D&utm_source=qr,mybarbersite.co.uk/havas-fade,C
P & M Barber Club 💈 💇‍♂️,07366 977978,"Crankhall Ln, Wednesbury",4.8,55,1,"mybarbersite.co.uk/p-and-m-barber-club | barber | no website, 55 reviews at 4.8 | West Bromwich",,mybarbersite.co.uk/p-and-m-barber-club,A
Bladez (Barber Shop),07466 688970,"83 Walsall St, Wednesbury",4.9,58,1,"mybarbersite.co.uk/bladez-barber-shop | barber | no website, 58 reviews at 4.9 | West Bromwich",,mybarbersite.co.uk/bladez-barber-shop,A
UK CUTZ,07707 119225,"45 Upper High St, Wednesbury",4.8,124,1,"mybarbersite.co.uk/uk-cutz | barber | no website, 124 reviews at 4.8 | West Bromwich",,mybarbersite.co.uk/uk-cutz,A
CROWN BARBERS CLUB,07311 244400,"2A Halesowen St, Oldbury",4.8,23,1,"mybarbersite.co.uk/crown-barbers-club | barber | no website, 23 reviews at 4.8 | West Bromwich",,mybarbersite.co.uk/crown-barbers-club,A
Excellent Cut Barbers Earlswood,07349 566566,"4A Umberslade Rd, Earlswood, Solihull",4.9,140,1,"mybarbersite.co.uk/excellent-cut-barbers-earlswood | barber | facebook only, 140 reviews at 4.9 | Solihull",https://www.facebook.com/p/Excellent-Cut-Earlswood-61579322258024/,mybarbersite.co.uk/excellent-cut-barbers-earlswood,B
4 guys barbers,07361 061159,"14 Hermitage Rd, Solihull",4.8,51,1,"mybarbersite.co.uk/4-guys-barbers | barber | no website, 51 reviews at 4.8 | Solihull",,mybarbersite.co.uk/4-guys-barbers,A
Barber 93,01564 771999,"488 Station Rd, Dorridge, Solihull",4.9,145,1,"mybarbersite.co.uk/barber-93 | barber | no website, 145 reviews at 4.9 | Solihull",,mybarbersite.co.uk/barber-93,A
Antalya Barbers,07503 563847,"295 Fox Hollies Rd, Birmingham",5,117,1,"mybarbersite.co.uk/antalya-barbers | barber | instagram only, 117 reviews at 5 | Solihull",https://www.instagram.com/antalya_barbersss?igsh=a3V3d3pjNm16dnVv,mybarbersite.co.uk/antalya-barbers,C
KURD CUT barbershop,07777 720181,"Karens Estate Agents, 19 Shirley Rd, Birmingham",4.8,107,1,"mybarbersite.co.uk/kurd-cut-barbershop | barber | tiktok only, 107 reviews at 4.8 | Solihull",https://www.tiktok.com/@kurdcut.barber?_t=ZN-90NQkABp6NK&_r=1,mybarbersite.co.uk/kurd-cut-barbershop,C
Zudi barber club,07888 143903,"270 Baldwins Ln, Birmingham",4.8,45,1,"mybarbersite.co.uk/zudi-barber-club | barber | no website, 45 reviews at 4.8 | Solihull",,mybarbersite.co.uk/zudi-barber-club,A
Turkish Magic Scissors,0121 688 1594,"114 Yardley Rd, Acocks Green, Birmingham",4.8,58,1,"mybarbersite.co.uk/turkish-magic-scissors | barber | no website, 58 reviews at 4.8 | Solihull",,mybarbersite.co.uk/turkish-magic-scissors,A
AS FADE BARBERS,07497 138945,"260 Werrington Rd, Stoke-on-Trent",4.9,88,1,"mybarbersite.co.uk/as-fade-barbers | barber | facebook only, 88 reviews at 4.9 | Stoke-on-Trent",https://www.facebook.com/profile.php?id=61562282184564,mybarbersite.co.uk/as-fade-barbers,B
Mina barber,07405 197764,"36 Broad St, Hanley, Stoke-on-Trent",5,26,1,"mybarbersite.co.uk/mina-barber | barber | no website, 26 reviews at 5 | Stoke-on-Trent",,mybarbersite.co.uk/mina-barber,A
KINGZ CUTZ,07400 083839,"92 Ford Green Rd, Stoke-on-Trent",4.8,114,1,"mybarbersite.co.uk/kingz-cutz | barber | no website, 114 reviews at 4.8 | Stoke-on-Trent",,mybarbersite.co.uk/kingz-cutz,A
ST4 GROOMING,07474 530978,"76 Victoria Rd, Fenton, Stoke-on-Trent",4.9,111,1,"mybarbersite.co.uk/st4-grooming | barber | no website, 111 reviews at 4.9 | Stoke-on-Trent",,mybarbersite.co.uk/st4-grooming,A
Tj's Barbers,07478 050052,Stoke-on-Trent,4.8,136,1,"mybarbersite.co.uk/tjs-barbers-stoke-on-trent | barber | no website, 136 reviews at 4.8 | Stoke-on-Trent",,mybarbersite.co.uk/tjs-barbers-stoke-on-trent,A
Posh barbers,07459 929852,"223 Uttoxeter Rd, Blythe Bridge, Stoke-on-Trent",5,46,1,"mybarbersite.co.uk/posh-barbers | barber | instagram only, 46 reviews at 5 | Stoke-on-Trent",https://www.instagram.com/posh_barbers_blythe.bridge?igsh=MXNzcDJ6NmZqdHAzaw==&utm_source=qr,mybarbersite.co.uk/posh-barbers,C
Royale Blades,07386 296092,"24 Lonsdale St, Stoke-on-Trent",4.9,43,1,"mybarbersite.co.uk/royale-blades | barber | tiktok only, 43 reviews at 4.9 | Stoke-on-Trent",https://www.tiktok.com/@royale_blades?_t=ZN-90tcYj2Wn9a&_r=1,mybarbersite.co.uk/royale-blades,C
RS Barber,07707 691946,"114 Baddeley Green Ln, Baddeley Green, Stoke-on-Trent",4.8,48,1,"mybarbersite.co.uk/rs-barber | barber | facebook only, 48 reviews at 4.8 | Stoke-on-Trent",https://www.facebook.com/profile.php?id=61557539108777,mybarbersite.co.uk/rs-barber,B
Stoke Barber Shop,01782 412498,"60 Church St, Stoke-on-Trent",4.9,51,1,"mybarbersite.co.uk/stoke-barber-shop | barber | instagram only, 51 reviews at 4.9 | Stoke-on-Trent",https://www.instagram.com/stokebarber/?hl=en,mybarbersite.co.uk/stoke-barber-shop,C
Wisdom Barbers,07510 642630,"223 London Rd, Stoke-on-Trent",4.9,66,1,"mybarbersite.co.uk/wisdom-barbers | barber | no website, 66 reviews at 4.9 | Stoke-on-Trent",,mybarbersite.co.uk/wisdom-barbers,A
AA Star Barbers,07507 358586,"83 Weston Rd, Meir, Stoke-on-Trent",4.8,94,1,"mybarbersite.co.uk/aa-star-barbers | barber | no website, 94 reviews at 4.8 | Stoke-on-Trent",,mybarbersite.co.uk/aa-star-barbers,A
Jack's Barbers,07894 824526,"632 London Rd, Stoke-on-Trent",4.8,138,1,"mybarbersite.co.uk/jacks-barbers | barber | no website, 138 reviews at 4.8 | Stoke-on-Trent",,mybarbersite.co.uk/jacks-barbers,A
The Godbarber,07714 474477,"Market Tavern, 19 Percy St, Hanley, Stoke-on-Trent",4.8,137,1,"mybarbersite.co.uk/the-godbarber | barber | no website, 137 reviews at 4.8 | Stoke-on-Trent",,mybarbersite.co.uk/the-godbarber,A
TOP BARBER,07308 774111,"1250 Leek Rd, Abbey Hulton, Stoke-on-Trent",4.9,56,1,"mybarbersite.co.uk/top-barber | barber | no website, 56 reviews at 4.9 | Stoke-on-Trent",,mybarbersite.co.uk/top-barber,A
King barber shop,07478 220063,"King St, Longton, Stoke-on-Trent",4.8,58,1,"mybarbersite.co.uk/king-barber-shop | barber | no website, 58 reviews at 4.8 | Stoke-on-Trent",,mybarbersite.co.uk/king-barber-shop,A
Turkish style Hanley,07717 949235,"13 Piccadilly, Hanley, Stoke-on-Trent",4.8,58,1,"mybarbersite.co.uk/turkish-style-hanley | barber | no website, 58 reviews at 4.8 | Stoke-on-Trent",,mybarbersite.co.uk/turkish-style-hanley,A
Mo’s Barbers,07348 540911,"41a Gaol Rd, Stafford",5,49,1,"mybarbersite.co.uk/mos-barbers-stafford | barber | no website, 49 reviews at 5 | Stafford",,mybarbersite.co.uk/mos-barbers-stafford,A
Stafford Kurdish Barber,07861 646423,"35A Gaolgate St, Stafford",5,88,1,"mybarbersite.co.uk/stafford-kurdish-barber | barber | facebook only, 88 reviews at 5 | Stafford",https://www.facebook.com/profile.php?id=61554229732500,mybarbersite.co.uk/stafford-kurdish-barber,B
Dapper & Boss Barbers,07853 742541,"Birches Bridge Investments, 2 Eastgate St, Stafford",4.8,50,1,"mybarbersite.co.uk/dapper-and-boss-barbers | barber | no website, 50 reviews at 4.8 | Stafford",,mybarbersite.co.uk/dapper-and-boss-barbers,A
Enjoy Barbering Co.,07301 571378,"Greengate St, Stafford",4.9,42,1,"mybarbersite.co.uk/enjoy-barbering-co | barber | no website, 42 reviews at 4.9 | Stafford",,mybarbersite.co.uk/enjoy-barbering-co,A
Wallington Barbers,020 8669 4202,"Vincent Auto Spares, 167 Stafford Rd, Wallington",4.9,90,1,"mybarbersite.co.uk/wallington-barbers | barber | no website, 90 reviews at 4.9 | Stafford",,mybarbersite.co.uk/wallington-barbers,A
The Jolly Roger Barbershop,01785 593043,"8A Lichfield Rd, Stafford",4.9,36,1,"mybarbersite.co.uk/the-jolly-roger-barbershop | barber | no website, 36 reviews at 4.9 | Stafford",,mybarbersite.co.uk/the-jolly-roger-barbershop,A
Nick Hughes Barbering,07860 157675,"2 Deanshill Cl, Stafford",4.8,26,1,"mybarbersite.co.uk/nick-hughes-barbering | barber | facebook only, 26 reviews at 4.8 | Stafford",https://www.facebook.com/NHbarbering/,mybarbersite.co.uk/nick-hughes-barbering,B
Golden Scissors,020 8117 8497,"Unit 2, Stafford Rd, Wallington",4.9,119,1,"mybarbersite.co.uk/golden-scissors-wallington | barber | instagram only, 119 reviews at 4.9 | Stafford",https://instagram.com/goldenscissorscroydon?igshid=MjEwN2IyYWYwYw==,mybarbersite.co.uk/golden-scissors-wallington,C
Precinct Styles,07949 178798,"24a Princes St, Stafford",4.8,68,1,"mybarbersite.co.uk/precinct-styles | barber | facebook only, 68 reviews at 4.8 | Stafford",https://www.facebook.com/110798090704462/posts/110806114036993/?d=n&substory_index=0,mybarbersite.co.uk/precinct-styles,B
Hightz Barbers,020 3620 6921,"86A Stafford Rd, Wallington",4.9,44,1,"mybarbersite.co.uk/hightz-barbers | barber | no website, 44 reviews at 4.9 | Stafford",,mybarbersite.co.uk/hightz-barbers,A
MO BARBER CLUB,07508 306399,"20 Station Rd, Telford",5,55,1,"mybarbersite.co.uk/mo-barber-club | barber | instagram only, 55 reviews at 5 | Telford",http://www.instagram.com/mo_barber.club,mybarbersite.co.uk/mo-barber-club,C
Hermanos barbershop,07402 604105,"39 New St, Wellington, Telford",5,54,1,"mybarbersite.co.uk/hermanos-barbershop | barber | instagram only, 54 reviews at 5 | Telford",https://www.instagram.com/hermanosbarbershops?igsh=MXZ1cGYzdDE4NXZwNA==,mybarbersite.co.uk/hermanos-barbershop,C
Nwahtrims,07784 305386,"Unit 4, Hadley District Centre, Hadley, Telford",4.8,102,1,"mybarbersite.co.uk/nwahtrims | barber | no website, 102 reviews at 4.8 | Telford",,mybarbersite.co.uk/nwahtrims,A
Kurdish barber,07788 406018,"114 Trench Rd, Telford",4.9,53,1,"mybarbersite.co.uk/kurdish-barber-telford | barber | no website, 53 reviews at 4.9 | Telford",,mybarbersite.co.uk/kurdish-barber-telford,A
Yads barbers,07375 787324,"64 High St, Broseley",5,150,1,"mybarbersite.co.uk/yads-barbers | barber | no website, 150 reviews at 5 | Telford",,mybarbersite.co.uk/yads-barbers,A
Aro’s barber shop ltd,07809 137315,"4a Park St, Wellington, Telford",4.8,53,1,"mybarbersite.co.uk/aros-barber-shop-ltd | barber | no website, 53 reviews at 4.8 | Telford",,mybarbersite.co.uk/aros-barber-shop-ltd,A
The Kurdish barbers,07377 191939,"16 Market Pl, Shropshire",5,45,1,"mybarbersite.co.uk/the-kurdish-barbers | barber | no website, 45 reviews at 5 | Telford",,mybarbersite.co.uk/the-kurdish-barbers,A
Boys2Men Traditional Barbers,07518 524444,"H.S Hayward Business, Heath Hill, Telford",4.9,109,1,"mybarbersite.co.uk/boys2men-traditional-barbers | barber | facebook only, 109 reviews at 4.9 | Telford",https://www.facebook.com/Boys2MenTraditionalBarbers/,mybarbersite.co.uk/boys2men-traditional-barbers,B
Top Dog BarberShop,07519 632562,"Unit 11, shopping centre, 26 Bradford St, Shifnal",4.8,51,1,"mybarbersite.co.uk/top-dog-barbershop | barber | no website, 51 reviews at 4.8 | Telford",,mybarbersite.co.uk/top-dog-barbershop,A
MMK Barbers,07400 706428,"9 Queen St, Wellington, Telford",4.8,97,1,"mybarbersite.co.uk/mmk-barbers | barber | no website, 97 reviews at 4.8 | Telford",,mybarbersite.co.uk/mmk-barbers,A
Wyle cop barbers,07476 639180,"36 Wyle Cop, Shrewsbury",4.9,94,1,"mybarbersite.co.uk/wyle-cop-barbers | barber | no website, 94 reviews at 4.9 | Shrewsbury",,mybarbersite.co.uk/wyle-cop-barbers,A
Uk Fade house Ltd,07362 239500,"68 Mardol, Shrewsbury",4.8,77,1,"mybarbersite.co.uk/uk-fade-house-ltd | barber | instagram only, 77 reviews at 4.8 | Shrewsbury",https://www.instagram.com/trimz.2022,mybarbersite.co.uk/uk-fade-house-ltd,C
A Star Barbers,07908 133754,"1, Sutton Farm, shopping center, Sutton Farm Shopping Centre, Shrewsbury",4.9,37,1,"mybarbersite.co.uk/a-star-barbers-shrewsbury | barber | no website, 37 reviews at 4.9 | Shrewsbury",,mybarbersite.co.uk/a-star-barbers-shrewsbury,A
Stans Barbers,07988 075318,"71 Whitchurch Rd, Shrewsbury",4.8,144,1,"mybarbersite.co.uk/stans-barbers | barber | no website, 144 reviews at 4.8 | Shrewsbury",,mybarbersite.co.uk/stans-barbers,A
Darwin's Barbers,01743 651456,"The Collective, Darwin Shopping Centre, Raven Meadows, Shrewsbury",4.9,44,1,"mybarbersite.co.uk/darwins-barbers | barber | facebook only, 44 reviews at 4.9 | Shrewsbury",https://www.facebook.com/DarwinsBarbers/,mybarbersite.co.uk/darwins-barbers,B
Vic Breeze & Co,01743 356988,"27 Claremont Hill, Shrewsbury",4.8,43,1,"mybarbersite.co.uk/vic-breeze-and-co | barber | no website, 43 reviews at 4.8 | Shrewsbury",,mybarbersite.co.uk/vic-breeze-and-co,A
Hair In The Lane,01743 368451,"38 Hill's Ln, Shrewsbury",4.9,34,1,"mybarbersite.co.uk/hair-in-the-lane | barber | facebook only, 34 reviews at 4.9 | Shrewsbury",https://www.facebook.com/pages/Hair-in-the-lane/413753942087702,mybarbersite.co.uk/hair-in-the-lane,B
Rami Barbers,07360 050302,"46 Upper Tything, Worcester",5,62,1,"mybarbersite.co.uk/rami-barbers | barber | no website, 62 reviews at 5 | Worcester",,mybarbersite.co.uk/rami-barbers,A
Kurd Fade Studio,07301 014466,"55 Ambleside Dr, Worcester",4.9,132,1,"mybarbersite.co.uk/kurd-fade-studio | barber | no website, 132 reviews at 4.9 | Worcester",,mybarbersite.co.uk/kurd-fade-studio,A
J&S barber,07412 457475,"7 Charles St, Worcester",4.8,41,1,"mybarbersite.co.uk/jands-barber | barber | no website, 41 reviews at 4.8 | Worcester",,mybarbersite.co.uk/jands-barber,A
MD’s Edge Barbers,07884 983397,"4 Derwent Cl, Worcester",5,41,1,"mybarbersite.co.uk/mds-edge-barbers | barber | facebook only, 41 reviews at 5 | Worcester",https://www.facebook.com/profile.php?id=61553233131274,mybarbersite.co.uk/mds-edge-barbers,B
Zaff Trimz,07487 500930,"75 Wyld's Ln, Worcester",4.9,42,1,"mybarbersite.co.uk/zaff-trimz | barber | facebook only, 42 reviews at 4.9 | Worcester",https://www.facebook.com/profile.php?id=100075887057035,mybarbersite.co.uk/zaff-trimz,B
Kurd barbers,07427 699969,"49 Broad St, Worcester",4.8,84,1,"mybarbersite.co.uk/kurd-barbers | barber | no website, 84 reviews at 4.8 | Worcester",,mybarbersite.co.uk/kurd-barbers,A
Peel & Adams,01905 20519,"26 New St, Worcester",4.9,79,1,"mybarbersite.co.uk/peel-and-adams-worcester | barber | no website, 79 reviews at 4.9 | Worcester",,mybarbersite.co.uk/peel-and-adams-worcester,A
Fade master barber,07774 092428,"173C Bath Rd, Worcester",4.8,44,1,"mybarbersite.co.uk/fade-master-barber | barber | no website, 44 reviews at 4.8 | Worcester",,mybarbersite.co.uk/fade-master-barber,A
City barber,07830 473145,"39A Barbourne Rd, Worcester",4.8,81,1,"mybarbersite.co.uk/city-barber | barber | no website, 81 reviews at 4.8 | Worcester",,mybarbersite.co.uk/city-barber,A
Rxgue Studio,01905 724715,"2-4 Trinity St, Worcester",4.8,21,1,"mybarbersite.co.uk/rxgue-studio | barber | no website, 21 reviews at 4.8 | Worcester",,mybarbersite.co.uk/rxgue-studio,A
Worcester Barbers,020 3612 4568,"171 Central Rd, Worcester Park",4.8,102,1,"mybarbersite.co.uk/worcester-barbers-worcester-park | barber | no website, 102 reviews at 4.8 | Worcester",,mybarbersite.co.uk/worcester-barbers-worcester-park,A
KD barbers,07429 581167,"92 Coventry St, Kidderminster",4.9,55,1,"mybarbersite.co.uk/kd-barbers | barber | tiktok only, 55 reviews at 4.9 | Kidderminster",https://www.tiktok.com/@kd.barber5?_r=1&_t=ZS-96xSDtUcvXW,mybarbersite.co.uk/kd-barbers,C
Razor Cut,07912 284841,"Chester Road Sporting Club, 218 Chester Rd N, Kidderminster",5,33,1,"mybarbersite.co.uk/razor-cut | barber | no website, 33 reviews at 5 | Kidderminster",,mybarbersite.co.uk/razor-cut,A
Top Styles Barber club,07365 663362,"unit 3 Oxford St, Kidderminster",4.8,24,1,"mybarbersite.co.uk/top-styles-barber-club | barber | no website, 24 reviews at 4.8 | Kidderminster",,mybarbersite.co.uk/top-styles-barber-club,A
Bewdley Rd Barbers,07826 303533,"49 Bewdley Rd, Kidderminster",4.8,76,1,"mybarbersite.co.uk/bewdley-rd-barbers | barber | no website, 76 reviews at 4.8 | Kidderminster",,mybarbersite.co.uk/bewdley-rd-barbers,A
Wild Violet Hair,01562 270370,"12 Comberton Pl, Kidderminster",5,46,1,"mybarbersite.co.uk/wild-violet-hair | barber | no website, 46 reviews at 5 | Kidderminster",,mybarbersite.co.uk/wild-violet-hair,A
La Styles,01562 865544,"114 Tennyson Way, Kidderminster",4.8,39,1,"mybarbersite.co.uk/la-styles | barber | facebook only, 39 reviews at 4.8 | Kidderminster",http://www.facebook.com/pages/La-Styles/192293397459438,mybarbersite.co.uk/la-styles,B
HairLounge,01562 66661,"262 Hoo Rd, Kidderminster",4.9,30,1,"mybarbersite.co.uk/hairlounge | barber | no website, 30 reviews at 4.9 | Kidderminster",,mybarbersite.co.uk/hairlounge,A
Wavelength,01562 824494,"24 Baskerville Rd, Kidderminster",4.9,29,1,"mybarbersite.co.uk/wavelength | barber | facebook only, 29 reviews at 4.9 | Kidderminster",https://www.facebook.com/share/15r9FUV8VU/?mibextid=wwXIfr,mybarbersite.co.uk/wavelength,B
Butera Luisa,01562 824900,"119 Offmore Rd, Kidderminster",5,33,1,"mybarbersite.co.uk/butera-luisa | barber | no website, 33 reviews at 5 | Kidderminster",,mybarbersite.co.uk/butera-luisa,A
Top Cut Barbers Redditch,01527 390428,"1200 Evesham Rd, Astwood Bank, Redditch",4.8,55,1,"mybarbersite.co.uk/top-cut-barbers-redditch | barber | no website, 55 reviews at 4.8 | Redditch",,mybarbersite.co.uk/top-cut-barbers-redditch,A
Barber Barber,07875 391239,"85A Mason Rd, Redditch",4.9,112,1,"mybarbersite.co.uk/barber-barber | barber | facebook only, 112 reviews at 4.9 | Redditch",https://www.facebook.com/pages/Barber-Barber/579756908747541,mybarbersite.co.uk/barber-barber,B
Terry's Gents,01527 69895,"30 Mount Pleasant, Redditch",4.9,48,1,"mybarbersite.co.uk/terrys-gents | barber | no website, 48 reviews at 4.9 | Redditch",,mybarbersite.co.uk/terrys-gents,A
CHAPS BARBERS,07473 335575,"102 Evesham Rd, Headless Cross, Redditch",4.8,97,1,"mybarbersite.co.uk/chaps-barbers | barber | no website, 97 reviews at 4.8 | Redditch",,mybarbersite.co.uk/chaps-barbers,A
Guys & Dolls,01527 544091,"120 Birchfield Rd, Headless Cross, Redditch",4.8,44,1,"mybarbersite.co.uk/guys-and-dolls | barber | no website, 44 reviews at 4.8 | Redditch",,mybarbersite.co.uk/guys-and-dolls,A
Cut and Fade barber,07930 359833,"70 Queens Rd, Nuneaton",5,64,1,"mybarbersite.co.uk/cut-and-fade-barber | barber | no website, 64 reviews at 5 | Nuneaton",,mybarbersite.co.uk/cut-and-fade-barber,A
New Look Barber,07455 287334,"The Bicycle Centre, 4A Manor Ct Rd, Nuneaton",4.8,27,1,"mybarbersite.co.uk/new-look-barber-nuneaton | barber | no website, 27 reviews at 4.8 | Nuneaton",,mybarbersite.co.uk/new-look-barber-nuneaton,A
Aabid's Professional Cuts,07396 711786,"21 Church Rd, Hartshill, Nuneaton",4.8,41,1,"mybarbersite.co.uk/aabids-professional-cuts | barber | no website, 41 reviews at 4.8 | Nuneaton",,mybarbersite.co.uk/aabids-professional-cuts,A
The Cutting Edge,07772 518145,"41 Attleborough Rd, Nuneaton",4.9,66,1,"mybarbersite.co.uk/the-cutting-edge | barber | no website, 66 reviews at 4.9 | Nuneaton",,mybarbersite.co.uk/the-cutting-edge,A
Danyal's Barbers,07578 118607,"117 Arbury Rd, Nuneaton",4.8,82,1,"mybarbersite.co.uk/danyals-barbers | barber | facebook only, 82 reviews at 4.8 | Nuneaton",https://www.facebook.com/danyalsbarbers/,mybarbersite.co.uk/danyals-barbers,B
The Men's Barbershop,07557 275151,"41 Arbury Rd, Stockingford, Nuneaton",5,27,1,"mybarbersite.co.uk/the-mens-barbershop | barber | facebook only, 27 reviews at 5 | Nuneaton",https://www.facebook.com/people/The-Mens-Barber-Shop-Arbury-Road/61557588333229/,mybarbersite.co.uk/the-mens-barbershop,B
Nino's,024 7638 3871,"167 Queens Rd, Nuneaton",4.8,114,1,"mybarbersite.co.uk/ninos | barber | no website, 114 reviews at 4.8 | Nuneaton",,mybarbersite.co.uk/ninos,A
Artisan Barber - Hinckley,07909 554774,"128 Coventry Rd, Hinckley",5,81,1,"mybarbersite.co.uk/artisan-barber-hinckley | barber | instagram only, 81 reviews at 5 | Nuneaton",https://www.instagram.com/artisan_barber_/,mybarbersite.co.uk/artisan-barber-hinckley,C
BARBER OMAR,07584 416984,"25a Newtown Rd, Bedworth",4.9,91,1,"mybarbersite.co.uk/barber-omar | barber | no website, 91 reviews at 4.9 | Nuneaton",,mybarbersite.co.uk/barber-omar,A
Sal's Barber Shop,07942 678001,"Unit 6 Kingswood Rd, Nuneaton",4.9,59,1,"mybarbersite.co.uk/sals-barber-shop | barber | no website, 59 reviews at 4.9 | Nuneaton",,mybarbersite.co.uk/sals-barber-shop,A
Hinckley Barbers,07754 419770,"5 Rugby Rd, Hinckley",5,138,1,"mybarbersite.co.uk/hinckley-barbers | barber | instagram only, 138 reviews at 5 | Nuneaton",https://www.instagram.com/hinckley.barbers?igsh=azRtNzVpemxraG1k&utm_source=qr,mybarbersite.co.uk/hinckley-barbers,C
The Barber Shop,07851 785435,"167 Long St, Atherstone",4.8,41,1,"mybarbersite.co.uk/the-barber-shop-atherstone | barber | no website, 41 reviews at 4.8 | Nuneaton",,mybarbersite.co.uk/the-barber-shop-atherstone,A
Gent's Barber,07727 029771,"10 Leicester St, Bulkington, Bedworth",4.8,65,1,"mybarbersite.co.uk/gents-barber-bedworth | barber | no website, 65 reviews at 4.8 | Nuneaton",,mybarbersite.co.uk/gents-barber-bedworth,A
Golden Scissors Traditional Turkish Barber,07742 491125,"53 Long St, Atherstone",4.8,46,1,"mybarbersite.co.uk/golden-scissors-traditional-turkish-barber | barber | no website, 46 reviews at 4.8 | Nuneaton",,mybarbersite.co.uk/golden-scissors-traditional-turkish-barber,A
Antalya barber,07785 788685,"5 Wheelwright Ln, Coventry",4.9,27,1,"mybarbersite.co.uk/antalya-barber | barber | no website, 27 reviews at 4.9 | Nuneaton",,mybarbersite.co.uk/antalya-barber,A
Black Label Barbering Co,07802 410387,"29 The Green, Bilton, Rugby",4.9,40,1,"mybarbersite.co.uk/black-label-barbering-co | barber | instagram only, 40 reviews at 4.9 | Rugby",https://instagram.com/blklabelbarbering.co?igshid=MmU2YjMzNjRlOQ==,mybarbersite.co.uk/black-label-barbering-co,C
R&R Barbers,07539 346459,"Main St, Bilton, Rugby",4.8,54,1,"mybarbersite.co.uk/randr-barbers | barber | no website, 54 reviews at 4.8 | Rugby",,mybarbersite.co.uk/randr-barbers,A
Scallywags Hair Studio,01788 546363,"32 Regent St, Rugby",4.8,86,1,"mybarbersite.co.uk/scallywags-hair-studio | barber | facebook only, 86 reviews at 4.8 | Rugby",https://en-gb.facebook.com/Scallywags-Hair-Studio-154162087951762/,mybarbersite.co.uk/scallywags-hair-studio,B
Patel & Co,07563 106690,"54 Rugby Rd, Hinckley",4.9,70,1,"mybarbersite.co.uk/patel-and-co | barber | no website, 70 reviews at 4.9 | Rugby",,mybarbersite.co.uk/patel-and-co,A
Chicos Hair Design,01788 560744,"18 Gas St, Rugby",4.9,57,1,"mybarbersite.co.uk/chicos-hair-design | barber | no website, 57 reviews at 4.9 | Rugby",,mybarbersite.co.uk/chicos-hair-design,A
Ace Barber club,07449 393199,"Ankerside Shopping Centre, 12a George St, Tamworth",5,108,1,"mybarbersite.co.uk/ace-barber-club | barber | no website, 108 reviews at 5 | Tamworth",,mybarbersite.co.uk/ace-barber-club,A
BARBER ST. Tamworth,07475 472197,"7 Fontenaye Rd, Tamworth",4.9,53,1,"mybarbersite.co.uk/barber-st-tamworth | barber | no website, 53 reviews at 4.9 | Tamworth",,mybarbersite.co.uk/barber-st-tamworth,A
Kings Barber Tamworth,07555 618750,"32-33, 31 Market St, Tamworth",4.9,150,1,"mybarbersite.co.uk/kings-barber-tamworth | barber | facebook only, 150 reviews at 4.9 | Tamworth",https://www.facebook.com/KingsBarberTamworth/,mybarbersite.co.uk/kings-barber-tamworth,B
Amington Barbers,07869 778409,"Post Office, 244 Tamworth Rd, Amington, Tamworth",4.9,104,1,"mybarbersite.co.uk/amington-barbers | barber | facebook only, 104 reviews at 4.9 | Tamworth",https://www.facebook.com/profile.php?id=100094572387105,mybarbersite.co.uk/amington-barbers,B
Glascote barber,07777 726459,"306 Glascote Rd, Glascote, Tamworth",4.8,70,1,"mybarbersite.co.uk/glascote-barber | barber | no website, 70 reviews at 4.8 | Tamworth",,mybarbersite.co.uk/glascote-barber,A
Polesworth Barbers,07479 398204,"39 Bridge St, Polesworth, Tamworth",4.9,30,1,"mybarbersite.co.uk/polesworth-barbers | barber | no website, 30 reviews at 4.9 | Tamworth",,mybarbersite.co.uk/polesworth-barbers,A
Unit 22 Barbers,07395 524659,"Ankerside shopping centre ,27 common lane, Tamworth",4.9,34,1,"mybarbersite.co.uk/unit-22-barbers | barber | facebook only, 34 reviews at 4.9 | Tamworth",https://m.facebook.com/unit22barbershop/,mybarbersite.co.uk/unit-22-barbers,B
Allstar Barberz,01827 946046,"Unit 2 exley, Tamworth",4.9,56,1,"mybarbersite.co.uk/allstar-barberz | barber | no website, 56 reviews at 4.9 | Tamworth",,mybarbersite.co.uk/allstar-barberz,A
Lichfield Street Barbers,01827 262094,"17A Lichfield St, Fazeley, Tamworth",4.9,40,1,"mybarbersite.co.uk/lichfield-street-barbers | barber | no website, 40 reviews at 4.9 | Tamworth",,mybarbersite.co.uk/lichfield-street-barbers,A
BB'z Barbers & Tanning,07964 684557,"63 High St, Dosthill, Tamworth",4.9,81,1,"mybarbersite.co.uk/bbz-barbers-and-tanning | barber | no website, 81 reviews at 4.9 | Tamworth",,mybarbersite.co.uk/bbz-barbers-and-tanning,A
Hair by Wispers,01827 288104,"332 Wilnecote Ln, Belgrave, Tamworth",4.8,36,1,"mybarbersite.co.uk/hair-by-wispers | barber | no website, 36 reviews at 4.8 | Tamworth",,mybarbersite.co.uk/hair-by-wispers,A
Boldmere Barbers,07466 756180,"6 Boldmere Rd, Boldmere, Birmingham, Sutton Coldfield",5,81,1,"mybarbersite.co.uk/boldmere-barbers | barber | no website, 81 reviews at 5 | Tamworth",,mybarbersite.co.uk/boldmere-barbers,A
Dapper Doodles Dog Grooming,07944 436450,"Brancaster Cl, Amington, Tamworth",5,24,1,"mybarbersite.co.uk/dapper-doodles-dog-grooming | barber | no website, 24 reviews at 5 | Tamworth",,mybarbersite.co.uk/dapper-doodles-dog-grooming,A
BEST BARBER,07444 787266,"212 Tamworth Rd, Long Eaton, Nottingham",5,39,1,"mybarbersite.co.uk/best-barber-nottingham | barber | no website, 39 reviews at 5 | Tamworth",,mybarbersite.co.uk/best-barber-nottingham,A
T fade barbershop,07429 666610,"148 Cannock Rd, Cannock",4.8,40,1,"mybarbersite.co.uk/t-fade-barbershop | barber | no website, 40 reviews at 4.8 | Cannock",,mybarbersite.co.uk/t-fade-barbershop,A
Antalya barber cannock,07828 884830,"91 Mill St, Cannock",5,134,1,"mybarbersite.co.uk/antalya-barber-cannock | barber | no website, 134 reviews at 5 | Cannock",,mybarbersite.co.uk/antalya-barber-cannock,A
The Barber Company,01543 466421,"40 St John's Rd, Cannock",4.9,113,1,"mybarbersite.co.uk/the-barber-company | barber | no website, 113 reviews at 4.9 | Cannock",,mybarbersite.co.uk/the-barber-company,A
Pasha Barbershop,07777 903131,"86 Market St, Hednesford, Cannock",4.8,102,1,"mybarbersite.co.uk/pasha-barbershop | barber | no website, 102 reviews at 4.8 | Cannock",,mybarbersite.co.uk/pasha-barbershop,A
Blue Suede Barbers,01543 898768,"Hill St, Hednesford, Cannock",5,97,1,"mybarbersite.co.uk/blue-suede-barbers | barber | facebook only, 97 reviews at 5 | Cannock",https://www.facebook.com/BlueSuedeBarbers,mybarbersite.co.uk/blue-suede-barbers,B
Rose barber,07502 020505,"3 Rosehill, Hednesford, Cannock",4.8,49,1,"mybarbersite.co.uk/rose-barber | barber | no website, 49 reviews at 4.8 | Cannock",,mybarbersite.co.uk/rose-barber,A
Legend Barbers,01543 745628,"7A Station Rd, Hednesford, Cannock",4.8,113,1,"mybarbersite.co.uk/legend-barbers | barber | facebook only, 113 reviews at 4.8 | Cannock",https://m.facebook.com/LegendBarbersUK/?ref=bookmarks,mybarbersite.co.uk/legend-barbers,B
Razorback Barbershop,07821 855843,"104 Hednesford Rd, Heath Hayes, Cannock",4.9,43,1,"mybarbersite.co.uk/razorback-barbershop | barber | no website, 43 reviews at 4.9 | Cannock",,mybarbersite.co.uk/razorback-barbershop,A
Chasetown Barbers,07495 956677,"35 High St, Chasetown, Burntwood",4.9,59,1,"mybarbersite.co.uk/chasetown-barbers | barber | no website, 59 reviews at 4.9 | Cannock",,mybarbersite.co.uk/chasetown-barbers,A
SANKEYS BARBER,07514 738599,"Unit 24, Burntwood Town Shopping Centre, Burnt Wood Town Shoping Centre, Chase Terrace, Burntwood",4.8,20,1,"mybarbersite.co.uk/sankeys-barber | barber | instagram only, 20 reviews at 4.8 | Cannock",https://instagram.com/sankeysbarber,mybarbersite.co.uk/sankeys-barber,C
Jayne's Bridgtöwn Barbers,07877 525957,"27A North St, Cannock",4.9,69,1,"mybarbersite.co.uk/jaynes-bridgtown-barbers | barber | no website, 69 reviews at 4.9 | Cannock",,mybarbersite.co.uk/jaynes-bridgtown-barbers,A
The Barber Shop,01543 459895,"Hayes Court, Hednesford Rd, Heath Hayes, Cannock",4.8,33,1,"mybarbersite.co.uk/the-barber-shop-cannock | barber | no website, 33 reviews at 4.8 | Cannock",,mybarbersite.co.uk/the-barber-shop-cannock,A
Fades2Reality,07865 567805,"11 Maylord St, Hereford",4.8,121,1,"mybarbersite.co.uk/fades2reality | barber | no website, 121 reviews at 4.8 | Hereford",,mybarbersite.co.uk/fades2reality,A
Amir's,01432 508769,"Unit B Bewell St, Hereford",4.9,70,1,"mybarbersite.co.uk/amirs | barber | no website, 70 reviews at 4.9 | Hereford",,mybarbersite.co.uk/amirs,A
Blades Barbers,07578 327172,"48c Commercial Rd, Hereford",4.8,56,1,"mybarbersite.co.uk/blades-barbers | barber | facebook only, 56 reviews at 4.8 | Hereford",https://www.facebook.com/profile.php?id=100057644641366,mybarbersite.co.uk/blades-barbers,B
Sick Fade Barbers,07526 707045,"210 Waterloo St, Burton-on-Trent",4.9,75,1,"mybarbersite.co.uk/sick-fade-barbers | barber | no website, 75 reviews at 4.9 | Burton upon Trent",,mybarbersite.co.uk/sick-fade-barbers,A
St Peters Barbers,01283 375104,"13-14 St Peter's St, Burton-on-Trent",4.8,128,1,"mybarbersite.co.uk/st-peters-barbers | barber | no website, 128 reviews at 4.8 | Burton upon Trent",,mybarbersite.co.uk/st-peters-barbers,A
Top Cut barbers,07475 691172,"Burton Place, Burton-on-Trent",4.8,44,1,"mybarbersite.co.uk/top-cut-barbers | barber | facebook only, 44 reviews at 4.8 | Burton upon Trent",https://www.facebook.com/topcutbarbers20,mybarbersite.co.uk/top-cut-barbers,B
Hbarber,01283 480203,"49-52Horninglow, Unit 5 Mulberry court, Road North, Burton-on-Trent",4.8,90,1,"mybarbersite.co.uk/hbarber | barber | no website, 90 reviews at 4.8 | Burton upon Trent",,mybarbersite.co.uk/hbarber,A
Baldwin & Co.,01283 516222,"Baldwin And Co Barbers, 33 Derby St, Burton-on-Trent",4.8,100,1,"mybarbersite.co.uk/baldwin-and-co | barber | instagram only, 100 reviews at 4.8 | Burton upon Trent",https://www.instagram.com/baldwinandcobarbers,mybarbersite.co.uk/baldwin-and-co,C
MGH Barbers,01283 596674,"New St, Burton-on-Trent",4.9,137,1,"mybarbersite.co.uk/mgh-barbers | barber | no website, 137 reviews at 4.9 | Burton upon Trent",,mybarbersite.co.uk/mgh-barbers,A
New style barbers,07427 540545,"42 Main St, Burton-on-Trent",4.8,38,1,"mybarbersite.co.uk/new-style-barbers-burton-on-trent | barber | facebook only, 38 reviews at 4.8 | Burton upon Trent",https://www.facebook.com/profile.php?id=100090452764338,mybarbersite.co.uk/new-style-barbers-burton-on-trent,B
Blades Barbers,01283 566922,"74 New St, Burton-on-Trent",4.9,28,1,"mybarbersite.co.uk/blades-barbers-burton-on-trent | barber | no website, 28 reviews at 4.9 | Burton upon Trent",,mybarbersite.co.uk/blades-barbers-burton-on-trent,A
Muzaffar Barber,07814 767791,"79 Uxbridge St, Burton-on-Trent",5,20,1,"mybarbersite.co.uk/muzaffar-barber | barber | no website, 20 reviews at 5 | Burton upon Trent",,mybarbersite.co.uk/muzaffar-barber,A
Dany Barber,01283 529204,"coopers square, 13c Station St, Burton-on-Trent",4.9,20,1,"mybarbersite.co.uk/dany-barber | barber | no website, 20 reviews at 4.9 | Burton upon Trent",,mybarbersite.co.uk/dany-barber,A
Kings barbers,07398 624488,"Dover Court, 8 Dover Rd, Burton-on-Trent",4.8,42,1,"mybarbersite.co.uk/kings-barbers-burton-on-trent | barber | no website, 42 reviews at 4.8 | Burton upon Trent",,mybarbersite.co.uk/kings-barbers-burton-on-trent,A
Hero style,07310 631011,"44 High St, Burton-on-Trent",4.9,78,1,"mybarbersite.co.uk/hero-style | barber | no website, 78 reviews at 4.9 | Burton upon Trent",,mybarbersite.co.uk/hero-style,A
ANTALYA BARBER,07498 796868,"79 Horninglow Rd, Burton-on-Trent",4.8,26,1,"mybarbersite.co.uk/antalya-barber-burton-on-trent | barber | no website, 26 reviews at 4.8 | Burton upon Trent",,mybarbersite.co.uk/antalya-barber-burton-on-trent,A
V29 Barbers,07801 460028,"119 Station St, Burton-on-Trent",4.8,36,1,"mybarbersite.co.uk/v29-barbers | barber | facebook only, 36 reviews at 4.8 | Burton upon Trent",https://www.facebook.com/V29barbers,mybarbersite.co.uk/v29-barbers,B
Vee Jays,01283 515514,"530A Stanton Rd, Burton-on-Trent",4.8,63,1,"mybarbersite.co.uk/vee-jays | barber | no website, 63 reviews at 4.8 | Burton upon Trent",,mybarbersite.co.uk/vee-jays,A
Shex Fade Barbers,07311 069681,"19 High St, Tutbury, Burton-on-Trent",4.8,59,1,"mybarbersite.co.uk/shex-fade-barbers | barber | no website, 59 reviews at 4.8 | Burton upon Trent",,mybarbersite.co.uk/shex-fade-barbers,A
O’Connell’s Barber Shop,07985 153763,"1B George St, Burton-on-Trent",4.9,32,1,"mybarbersite.co.uk/oconnells-barber-shop | barber | instagram only, 32 reviews at 4.9 | Burton upon Trent",https://www.instagram.com/_oconnells_?igsh=MWgwZnpvbjczZ3FhZw==&utm_source=qr,mybarbersite.co.uk/oconnells-barber-shop,C
Ottoman Barber Newhall,01283 379017,"3 High St, Newhall, Swadlincote",4.9,101,1,"mybarbersite.co.uk/ottoman-barber-newhall | barber | no website, 101 reviews at 4.9 | Burton upon Trent",,mybarbersite.co.uk/ottoman-barber-newhall,A
HH&CO Barbers,07734 070181,"1 Lime Tree Ave, Midway, Swadlincote",4.9,46,1,"mybarbersite.co.uk/hhandco-barbers | barber | no website, 46 reviews at 4.9 | Burton upon Trent",,mybarbersite.co.uk/hhandco-barbers,A
Needwood barbers,07832 212074,"27 Main St, Barton-under-Needwood, Burton-on-Trent",4.9,33,1,"mybarbersite.co.uk/needwood-barbers | barber | no website, 33 reviews at 4.9 | Burton upon Trent",,mybarbersite.co.uk/needwood-barbers,A
Barber Stop,07821 002257,"117 High St, Newhall, Swadlincote",4.9,51,1,"mybarbersite.co.uk/barber-stop | barber | no website, 51 reviews at 4.9 | Burton upon Trent",,mybarbersite.co.uk/barber-stop,A
Jcs barbershop,07908 019334,"15 Highfield St, Swadlincote",5,119,1,"mybarbersite.co.uk/jcs-barbershop | barber | facebook only, 119 reviews at 5 | Burton upon Trent",https://www.facebook.com/profile.php?id=100063571089602,mybarbersite.co.uk/jcs-barbershop,B
Viking barbers,01283 384794,"viking bussiness center, 29 High St, Woodville, Swadlincote",4.8,119,1,"mybarbersite.co.uk/viking-barbers | barber | no website, 119 reviews at 4.8 | Burton upon Trent",,mybarbersite.co.uk/viking-barbers,A
Harem's Barbers Leicester,07999 761035,"14 Fullhurst Ave, Leicester",5,88,1,"mybarbersite.co.uk/harems-barbers-leicester | barber | no website, 88 reviews at 5 | Leicester",,mybarbersite.co.uk/harems-barbers-leicester,A
Sham cutz,07587 524635,"36 Belvoir St, Leicester",4.9,126,1,"mybarbersite.co.uk/sham-cutz | barber | instagram only, 126 reviews at 4.9 | Leicester",https://www.instagram.com/sham_cutzz?igsh=MWFpa3pwNTdrYWN4cQ==,mybarbersite.co.uk/sham-cutz,C
Champ Barber,07480 946977,"1 Latimer St, Leicester",5,111,1,"mybarbersite.co.uk/champ-barber | barber | no website, 111 reviews at 5 | Leicester",,mybarbersite.co.uk/champ-barber,A
Kurd fade,07424 709286,"53 Main St, Humberstone, Leicester",4.9,136,1,"mybarbersite.co.uk/kurd-fade | barber | no website, 136 reviews at 4.9 | Leicester",,mybarbersite.co.uk/kurd-fade,A
AX Cuts A1,07782 846518,"Motor Cycle Accessories, 152 Belgrave Gate, Leicester",4.8,58,1,"mybarbersite.co.uk/ax-cuts-a1 | barber | no website, 58 reviews at 4.8 | Leicester",,mybarbersite.co.uk/ax-cuts-a1,A
Top Fade Barber,07575 516157,"307 Aikman Ave, New Parks, Leicester",4.9,101,1,"mybarbersite.co.uk/top-fade-barber | barber | no website, 101 reviews at 4.9 | Leicester",,mybarbersite.co.uk/top-fade-barber,A
Smart Barbershop,07438 948614,"1 Wardens Walk, Leicester",4.9,74,1,"mybarbersite.co.uk/smart-barbershop | barber | instagram only, 74 reviews at 4.9 | Leicester",https://www.instagram.com/smart.barber_?igsh=dGx5eWg5NnZzNDg0&utm_source=qr,mybarbersite.co.uk/smart-barbershop,C
Mike The Barber (CRAFT STUDIO),07758 566138,"50a Hinckley Rd, Leicester",5,91,1,"mybarbersite.co.uk/mike-the-barber-craft-studio | barber | instagram only, 91 reviews at 5 | Leicester",https://instagram.com/mike_thebarberconcept?igshid=OGQ5ZDc2ODk2ZA%3D%3D&utm_source=qr,mybarbersite.co.uk/mike-the-barber-craft-studio,C
Istanbul barber,07438 480280,"455 Welford Rd, LE",4.9,147,1,"mybarbersite.co.uk/istanbul-barber-le | barber | instagram only, 147 reviews at 4.9 | Leicester",https://www.instagram.com/rawaz.bagzada?igsh=MTA0b245ZnBpaWVvbg%3D%3D&utm_source=qr,mybarbersite.co.uk/istanbul-barber-le,C
CROWN CUTS,0116 221 8477,"101 King Richards Rd, Leicester",4.8,87,1,"mybarbersite.co.uk/crown-cuts | barber | no website, 87 reviews at 4.8 | Leicester",,mybarbersite.co.uk/crown-cuts,A
Hair Station,07474 791886,"77 Granby St, Leicester",4.8,95,1,"mybarbersite.co.uk/hair-station | barber | instagram only, 95 reviews at 4.8 | Leicester",https://www.instagram.com/gents_hair_station/,mybarbersite.co.uk/hair-station,C
Loughborough Barber Barber shop CORNER BARBER,07494 273220,"2 Granby St, Loughborough",5,33,1,"mybarbersite.co.uk/loughborough-barber-barber-shop-corner-barber | barber | no website, 33 reviews at 5 | Loughborough",,mybarbersite.co.uk/loughborough-barber-barber-shop-corner-barber,A
TURKISH OZZY BARBER,07800 750913,"Medex House, 63 Church Gate, Loughborough",4.8,45,1,"mybarbersite.co.uk/turkish-ozzy-barber | barber | no website, 45 reviews at 4.8 | Loughborough",,mybarbersite.co.uk/turkish-ozzy-barber,A
Mr Taper Barber,07742 657572,"28-29 High St, Loughborough",5,59,1,"mybarbersite.co.uk/mr-taper-barber | barber | no website, 59 reviews at 5 | Loughborough",,mybarbersite.co.uk/mr-taper-barber,A
King barber,07492 972438,"73 Ashby Rd, Loughborough",5,107,1,"mybarbersite.co.uk/king-barber | barber | tiktok only, 107 reviews at 5 | Loughborough",https://www.tiktok.com/@1.king.barbber?_t=ZN-8wNy1xftP42&_r=1,mybarbersite.co.uk/king-barber,C
Turkish Barber,07943 765888,"61-62 Church Gate, Loughborough",4.9,108,1,"mybarbersite.co.uk/turkish-barber-loughborough | barber | no website, 108 reviews at 4.9 | Loughborough",,mybarbersite.co.uk/turkish-barber-loughborough,A
Fennel Street Barbers,07523 942781,"15A Fennel St, Loughborough",4.9,20,1,"mybarbersite.co.uk/fennel-street-barbers | barber | facebook only, 20 reviews at 4.9 | Loughborough",http://facebook.com/fennelstbarber,mybarbersite.co.uk/fennel-street-barbers,B
Barrow golden barber,07588 950064,"4 High St, Barrow upon Soar, Loughborough",4.8,74,1,"mybarbersite.co.uk/barrow-golden-barber | barber | no website, 74 reviews at 4.8 | Loughborough",,mybarbersite.co.uk/barrow-golden-barber,A
Turkish style barber,07598 913826,"11 Market Pl, Shepshed, Loughborough",4.8,83,1,"mybarbersite.co.uk/turkish-style-barber | barber | no website, 83 reviews at 4.8 | Loughborough",,mybarbersite.co.uk/turkish-style-barber,A
Istanbul barber 💈 monuntsorrel,07575 297674,"77 Leicester Rd, Mountsorrel, Loughborough",4.9,84,1,"mybarbersite.co.uk/istanbul-barber-monuntsorrel | barber | no website, 84 reviews at 4.9 | Loughborough",,mybarbersite.co.uk/istanbul-barber-monuntsorrel,A
Trinis barbershop,07346 699741,"66 Ashby Rd, Loughborough",5,41,1,"mybarbersite.co.uk/trinis-barbershop | barber | no website, 41 reviews at 5 | Loughborough",,mybarbersite.co.uk/trinis-barbershop,A
Shepshed Barbers,01509 324944,"54 Hall Croft, Shepshed, Loughborough",4.9,104,1,"mybarbersite.co.uk/shepshed-barbers | barber | no website, 104 reviews at 4.9 | Loughborough",,mybarbersite.co.uk/shepshed-barbers,A
Top cutz,07388 199994,"8 Cromwell Rd, Mountsorrel, Loughborough",5,56,1,"mybarbersite.co.uk/top-cutz-loughborough | barber | no website, 56 reviews at 5 | Loughborough",,mybarbersite.co.uk/top-cutz-loughborough,A
Hathern Barber Shop,07380 136739,"Jacks Corner Shop, 115 Loughborough Rd, Hathern, Loughborough",5,59,1,"mybarbersite.co.uk/hathern-barber-shop | barber | no website, 59 reviews at 5 | Loughborough",,mybarbersite.co.uk/hathern-barber-shop,A
QF BARBERS,07307 346758,"UNIT 2 Bath St, Nottingham",5,59,1,"mybarbersite.co.uk/qf-barbers | barber | no website, 59 reviews at 5 | Nottingham",,mybarbersite.co.uk/qf-barbers,A
City Cuts Barbers,07429 479684,"77 Mansfield Rd, Nottingham",4.9,85,1,"mybarbersite.co.uk/city-cuts-barbers | barber | no website, 85 reviews at 4.9 | Nottingham",,mybarbersite.co.uk/city-cuts-barbers,A
N&S Barbers,07447 454202,"19 Highbury Rd, Nottingham",5,45,1,"mybarbersite.co.uk/nands-barbers | barber | no website, 45 reviews at 5 | Nottingham",,mybarbersite.co.uk/nands-barbers,A
FAMA BARBER,07523 654673,"Bath St, Nottingham",4.9,100,1,"mybarbersite.co.uk/fama-barber | barber | no website, 100 reviews at 4.9 | Nottingham",,mybarbersite.co.uk/fama-barber,A
Sam cutz,07577 497479,"289 Carlton Hill, Carlton, Nottingham",4.9,122,1,"mybarbersite.co.uk/sam-cutz | barber | no website, 122 reviews at 4.9 | Nottingham",,mybarbersite.co.uk/sam-cutz,A
SHA BARBER,07403 837072,"533 Mansfield Rd, Sherwood, Nottingham",4.9,139,1,"mybarbersite.co.uk/sha-barber-nottingham | barber | no website, 139 reviews at 4.9 | Nottingham",,mybarbersite.co.uk/sha-barber-nottingham,A
Deluxe Barbers walk ins only,07956 450812,"20A Hilton Cres, West Bridgford, Nottingham",5,108,1,"mybarbersite.co.uk/deluxe-barbers-walk-ins-only | barber | no website, 108 reviews at 5 | Nottingham",,mybarbersite.co.uk/deluxe-barbers-walk-ins-only,A
Alex Barbers,07490 967672,"Alex Barbers, 10 Radford Rd, Radford, Nottingham",4.9,79,1,"mybarbersite.co.uk/alex-barbers | barber | no website, 79 reviews at 4.9 | Nottingham",,mybarbersite.co.uk/alex-barbers,A
Sam's Barber Shop,07478 472070,"51 Alfreton Rd, Radford, Nottingham",4.9,79,1,"mybarbersite.co.uk/sams-barber-shop | barber | no website, 79 reviews at 4.9 | Nottingham",,mybarbersite.co.uk/sams-barber-shop,A
“G” Barbers,07943 498988,"19a Ratcliffe Gate, Mansfield",5,77,1,"mybarbersite.co.uk/g-barbers | barber | no website, 77 reviews at 5 | Mansfield",,mybarbersite.co.uk/g-barbers,A
Mo CUTS,07400 499158,"95 Clipstone Rd W, Forest Town, Mansfield",4.9,126,1,"mybarbersite.co.uk/mo-cuts | barber | no website, 126 reviews at 4.9 | Mansfield",,mybarbersite.co.uk/mo-cuts,A
TRIM BARBERS,07399 746291,"132 Chesterfield Rd S, Mansfield",5,45,1,"mybarbersite.co.uk/trim-barbers | barber | no website, 45 reviews at 5 | Mansfield",,mybarbersite.co.uk/trim-barbers,A
4TW 4The Weekend Barbershop,01623 371916,"Albert St, Mansfield Woodhouse, Mansfield",4.9,52,1,"mybarbersite.co.uk/4tw-4the-weekend-barbershop | barber | no website, 52 reviews at 4.9 | Mansfield",,mybarbersite.co.uk/4tw-4the-weekend-barbershop,A
WELLMAN BARBERSHOP,07454 717497,"161 Mansfield Rd, Clipstone, Mansfield",4.8,97,1,"mybarbersite.co.uk/wellman-barbershop | barber | no website, 97 reviews at 4.8 | Mansfield",,mybarbersite.co.uk/wellman-barbershop,A
Power Cuts,07490 587162,"139 Nottingham Rd, Mansfield",4.8,69,1,"mybarbersite.co.uk/power-cuts | barber | no website, 69 reviews at 4.8 | Mansfield",,mybarbersite.co.uk/power-cuts,A
Honors barber lounge,07814 331459,"126 Chesterfield Rd N, Mansfield",5,33,1,"mybarbersite.co.uk/honors-barber-lounge | barber | facebook only, 33 reviews at 5 | Mansfield",https://m.facebook.com/Honors-Barber-Lounge-326465087902801/,mybarbersite.co.uk/honors-barber-lounge,B
Top barbers,07985 167695,"99 Outram St, Sutton-in-Ashfield",5,101,1,"mybarbersite.co.uk/top-barbers-sutton-in-ashfield | barber | no website, 101 reviews at 5 | Mansfield",,mybarbersite.co.uk/top-barbers-sutton-in-ashfield,A
EDWINSTOWE BARBER SHOP,07840 149216,"Unit 7, 40 High St, Edwinstowe, Mansfield",5,97,1,"mybarbersite.co.uk/edwinstowe-barber-shop | barber | no website, 97 reviews at 5 | Mansfield",,mybarbersite.co.uk/edwinstowe-barber-shop,A
Master Cut,07709 740450,"1A Clipstone Rd W, Forest Town, Mansfield",5,31,1,"mybarbersite.co.uk/master-cut | barber | no website, 31 reviews at 5 | Mansfield",,mybarbersite.co.uk/master-cut,A
DE1 CUTZ,07532 664911,"Benny's Takeaway, 5 Brick St, Derby",4.9,84,1,"mybarbersite.co.uk/de1-cutz | barber | no website, 84 reviews at 4.9 | Derby",,mybarbersite.co.uk/de1-cutz,A
St Barbers,07869 608332,"22 Drayton Ave, Derby",5,75,1,"mybarbersite.co.uk/st-barbers | barber | no website, 75 reviews at 5 | Derby",,mybarbersite.co.uk/st-barbers,A
TOP CUTZ,07775 747076,"826 Osmaston Rd, Allenton, Derby",5,25,1,"mybarbersite.co.uk/top-cutz-derby | barber | no website, 25 reviews at 5 | Derby",,mybarbersite.co.uk/top-cutz-derby,A
Nobel Barbers,07883 158138,"12 Sadler Gate, Derby",5,144,1,"mybarbersite.co.uk/nobel-barbers | barber | no website, 144 reviews at 5 | Derby",,mybarbersite.co.uk/nobel-barbers,A
Top Cut,07883 741275,"6, Southview, Burton Rd, Littleover, Derby",5,143,1,"mybarbersite.co.uk/top-cut-derby | barber | instagram only, 143 reviews at 5 | Derby",https://www.instagram.com/top_cut_kurdish?igsh=NzJkMWRxbWVoNmU4&utm_source=qr,mybarbersite.co.uk/top-cut-derby,C
KD barbers,07400 522424,"Derby intu shopping centre, 41 Osmaston Rd, Derby",4.9,117,1,"mybarbersite.co.uk/kd-barbers-derby | barber | no website, 117 reviews at 4.9 | Derby",,mybarbersite.co.uk/kd-barbers-derby,A
LALA BARBER💈,07359 068699,"468 Nottingham Rd, Chaddesden, Derby",4.9,55,1,"mybarbersite.co.uk/lala-barber | barber | facebook only, 55 reviews at 4.9 | Derby",https://www.facebook.com/lala.barbe.o,mybarbersite.co.uk/lala-barber,B
Rams barber,07412 767649,"92-124 Wiltshire Rd, Chaddesden, Derby",4.9,105,1,"mybarbersite.co.uk/rams-barber | barber | no website, 105 reviews at 4.9 | Derby",,mybarbersite.co.uk/rams-barber,A
Oaklands barbers,07445 442466,"Panther Hotel, 119 Oaklands Ave, Littleover, Derby",5,82,1,"mybarbersite.co.uk/oaklands-barbers | barber | no website, 82 reviews at 5 | Derby",,mybarbersite.co.uk/oaklands-barbers,A
Bladez Barber,07763 350896,"3, Morley House, Shardlow Rd, Alvaston, Derby",4.8,118,1,"mybarbersite.co.uk/bladez-barber | barber | facebook only, 118 reviews at 4.8 | Derby",https://www.facebook.com/profile.php?id=100065882287973,mybarbersite.co.uk/bladez-barber,B
ADAM BARBER Chaddesden,07448 724159,"115 Wiltshire Rd, Chaddesden, Derby",5,40,1,"mybarbersite.co.uk/adam-barber-chaddesden | barber | no website, 40 reviews at 5 | Derby",,mybarbersite.co.uk/adam-barber-chaddesden,A
Top kurdish barber,07576 767641,"31 Market Pl, Melbourne, Derby",5,88,1,"mybarbersite.co.uk/top-kurdish-barber | barber | instagram only, 88 reviews at 5 | Derby",https://www.instagram.com/top_turkish_barber?igsh=dmN4NDlqazV3cW54&utm_source=qr,mybarbersite.co.uk/top-kurdish-barber,C
RANYA VIP BARBER,07424 473502,"708 Harvey Rd, Alvaston, Derby",4.9,29,1,"mybarbersite.co.uk/ranya-vip-barber | barber | no website, 29 reviews at 4.9 | Derby",,mybarbersite.co.uk/ranya-vip-barber,A
VIP Turkish Barber,07444 414200,"5 Witham Cl, Hilton, Derby",5,132,1,"mybarbersite.co.uk/vip-turkish-barber | barber | facebook only, 132 reviews at 5 | Derby",https://www.facebook.com/share/1CNPaXVNG7/?mibextid=wwXIfr,mybarbersite.co.uk/vip-turkish-barber,B
Hairitage barbershop,07878 842898,"405 Sheffield Rd, Whittington Moor, Chesterfield",5,125,1,"mybarbersite.co.uk/hairitage-barbershop | barber | facebook only, 125 reviews at 5 | Chesterfield",https://www.facebook.com/profile.php?id=100093387387997,mybarbersite.co.uk/hairitage-barbershop,B
The Barber Collective,07875 492883,"4 falcon yard, Low Pavement, Chesterfield",5,69,1,"mybarbersite.co.uk/the-barber-collective | barber | facebook only, 69 reviews at 5 | Chesterfield",http://www.facebook.com/barbercollectiveofficial,mybarbersite.co.uk/the-barber-collective,B
KORSH BARBERS,07955 875739,"BARBERS, KORSH, 21 Stephenson Pl, Chesterfield",4.9,112,1,"mybarbersite.co.uk/korsh-barbers | barber | facebook only, 112 reviews at 4.9 | Chesterfield",https://m.facebook.com/korshbarbers/,mybarbersite.co.uk/korsh-barbers,B
Hustle Barbers,07915 217859,"7 Lordsmill St, Chesterfield",4.9,45,1,"mybarbersite.co.uk/hustle-barbers | barber | no website, 45 reviews at 4.9 | Chesterfield",,mybarbersite.co.uk/hustle-barbers,A
Baran’s Barber S42,07756 949101,"8 Chesterfield Rd, North Wingfield, Chesterfield",5,100,1,"mybarbersite.co.uk/barans-barber-s42 | barber | facebook only, 100 reviews at 5 | Chesterfield",https://www.facebook.com/profile.php?id=100092561710464,mybarbersite.co.uk/barans-barber-s42,B
Classic Fades,07936 603731,"50 Newbold Rd, Chesterfield",4.8,89,1,"mybarbersite.co.uk/classic-fades | barber | facebook only, 89 reviews at 4.8 | Chesterfield",https://www.facebook.com/Classic-fades-100341557992328/,mybarbersite.co.uk/classic-fades,B
Charlie Chops Barbershop,07817 746066,"Hasland Dental Practise, 182 Hasland Rd, Hasland, Chesterfield",5,26,1,"mybarbersite.co.uk/charlie-chops-barbershop | barber | no website, 26 reviews at 5 | Chesterfield",,mybarbersite.co.uk/charlie-chops-barbershop,A
Jimmy’s Barber Shop,07833 376631,"391 Sheffield Rd, Whittington Moor, Chesterfield",4.9,50,1,"mybarbersite.co.uk/jimmys-barber-shop | barber | no website, 50 reviews at 4.9 | Chesterfield",,mybarbersite.co.uk/jimmys-barber-shop,A
Procutz,07837 802796,"Pro-Cutz barbers, 5 Mansfield Rd, Hasland, Chesterfield",4.8,71,1,"mybarbersite.co.uk/procutz | barber | facebook only, 71 reviews at 4.8 | Chesterfield",https://www.facebook.com/Jprocut1,mybarbersite.co.uk/procutz,B
Geezers Barber Shop,07868 012128,"16 Market St, Staveley, Chesterfield",4.8,87,1,"mybarbersite.co.uk/geezers-barber-shop | barber | facebook only, 87 reviews at 4.8 | Chesterfield",https://www.facebook.com/Geezers-Barbershop-147652198602406/,mybarbersite.co.uk/geezers-barber-shop,B
Kurdistan Barber uk,07542 123743,"69 Chesterfield Rd, Meersbrook, Sheffield",4.9,70,1,"mybarbersite.co.uk/kurdistan-barber-uk | barber | no website, 70 reviews at 4.9 | Chesterfield",,mybarbersite.co.uk/kurdistan-barber-uk,A
Amine’s cut,07984 397946,"6 St Peter's Walk, Northampton",4.8,97,1,"mybarbersite.co.uk/amines-cut | barber | no website, 97 reviews at 4.8 | Northampton",,mybarbersite.co.uk/amines-cut,A
Prestige barber,07348 505883,"5 Harlestone Rd, Northampton",5,28,1,"mybarbersite.co.uk/prestige-barber | barber | no website, 28 reviews at 5 | Northampton",,mybarbersite.co.uk/prestige-barber,A
Royal Barber,01604 395417,"94 Prentice Ct, Northampton",5,51,1,"mybarbersite.co.uk/royal-barber-northampton | barber | no website, 51 reviews at 5 | Northampton",,mybarbersite.co.uk/royal-barber-northampton,A
Razor King Barber Northampton,07454 427967,"45 St Giles' St, Northampton",5,57,1,"mybarbersite.co.uk/razor-king-barber-northampton | barber | instagram only, 57 reviews at 5 | Northampton",https://instagram.com/razor_king_barber_northampton?igshid=MzMyNGUyNmU2YQ==,mybarbersite.co.uk/razor-king-barber-northampton,C
ALESI STUDIOS - Premium Image,01604 435398,"27 York Rd, Northampton",5,35,1,"mybarbersite.co.uk/alesi-studios-premium-image | barber | no website, 35 reviews at 5 | Northampton",,mybarbersite.co.uk/alesi-studios-premium-image,A
Old Barber Shop,07448 810421,"53 Kettering Rd, Northampton",4.8,86,1,"mybarbersite.co.uk/old-barber-shop | barber | no website, 86 reviews at 4.8 | Northampton",,mybarbersite.co.uk/old-barber-shop,A
Noble Barbers,07404 146449,"Compton House, 73B Abington St, Northampton",4.9,53,1,"mybarbersite.co.uk/noble-barbers | barber | no website, 53 reviews at 4.9 | Northampton",,mybarbersite.co.uk/noble-barbers,A
Empire Cuts Barbershop and Tanning,07943 863381,"91 Harborough Rd, Kingsthorpe, Northampton",4.8,23,1,"mybarbersite.co.uk/empire-cuts-barbershop-and-tanning | barber | no website, 23 reviews at 4.8 | Northampton",,mybarbersite.co.uk/empire-cuts-barbershop-and-tanning,A
Deniz Barber,01604 395151,"188 Kettering Rd, Northampton",5,27,1,"mybarbersite.co.uk/deniz-barber | barber | no website, 27 reviews at 5 | Northampton",,mybarbersite.co.uk/deniz-barber,A
Twickers,01604 631355,"319 Wellingborough Rd, Northampton",4.9,74,1,"mybarbersite.co.uk/twickers | barber | no website, 74 reviews at 4.9 | Northampton",,mybarbersite.co.uk/twickers,A
Newnham Station Barber,07575 974979,"8 Newnham Rd, Northampton",5,26,1,"mybarbersite.co.uk/newnham-station-barber | barber | no website, 26 reviews at 5 | Northampton",,mybarbersite.co.uk/newnham-station-barber,A
Fade Empire Kurdish Barber,07508 355290,"11 Stamford Rd, Kettering",4.8,132,1,"mybarbersite.co.uk/fade-empire-kurdish-barber | barber | no website, 132 reviews at 4.8 | Kettering",,mybarbersite.co.uk/fade-empire-kurdish-barber,A
VIP Barbershop,07380 463838,"13 Market St, Kettering",4.9,28,1,"mybarbersite.co.uk/vip-barbershop | barber | no website, 28 reviews at 4.9 | Kettering",,mybarbersite.co.uk/vip-barbershop,A
STUDIO 96,07917 428560,"22 Market St, Kettering",5,30,1,"mybarbersite.co.uk/studio-96 | barber | no website, 30 reviews at 5 | Kettering",,mybarbersite.co.uk/studio-96,A
APO’S BARBERSHOP,07898 845442,"56 Montagu St, Kettering",5,45,1,"mybarbersite.co.uk/apos-barbershop | barber | no website, 45 reviews at 5 | Kettering",,mybarbersite.co.uk/apos-barbershop,A
SMART GENTS,07476 255024,"103A Rockingham Rd, Kettering",4.9,116,1,"mybarbersite.co.uk/smart-gents | barber | no website, 116 reviews at 4.9 | Kettering",,mybarbersite.co.uk/smart-gents,A
RAZOR KING BARBERS,07598 952220,"Intersales Music & Lighting, 12 Silver St, Kettering",4.9,31,1,"mybarbersite.co.uk/razor-king-barbers | barber | no website, 31 reviews at 4.9 | Kettering",,mybarbersite.co.uk/razor-king-barbers,A
Sky barbers,01933 824301,"27 High St, Thrapston, Kettering",4.9,80,1,"mybarbersite.co.uk/sky-barbers | barber | no website, 80 reviews at 4.9 | Kettering",,mybarbersite.co.uk/sky-barbers,A
Kettering Haircuts,07958 106963,"124-126 Montagu St, Kettering",4.8,36,1,"mybarbersite.co.uk/kettering-haircuts | barber | no website, 36 reviews at 4.8 | Kettering",,mybarbersite.co.uk/kettering-haircuts,A
Mawsley barbers,07378 984200,"5 Barnwell Ct, Mawsley, Kettering",5,96,1,"mybarbersite.co.uk/mawsley-barbers | barber | no website, 96 reviews at 5 | Kettering",,mybarbersite.co.uk/mawsley-barbers,A
Sharp's,01536 725666,"Bakehouse Ln, Burton Latimer, Kettering",4.9,41,1,"mybarbersite.co.uk/sharps | barber | no website, 41 reviews at 4.9 | Kettering",,mybarbersite.co.uk/sharps,A
Gab’s hair room,07512 827223,"30 Leicester Cl, Kettering",5,24,1,"mybarbersite.co.uk/gabs-hair-room | barber | no website, 24 reviews at 5 | Kettering",,mybarbersite.co.uk/gabs-hair-room,A
Golden Scissors - Weldon Park,07513 256080,"8 Jacob Court, Corby",4.9,122,1,"mybarbersite.co.uk/golden-scissors-weldon-park | barber | no website, 122 reviews at 4.9 | Kettering",,mybarbersite.co.uk/golden-scissors-weldon-park,A
Vip Studio,07482 171312,"348 Willow Brook Rd, Corby",5,64,1,"mybarbersite.co.uk/vip-studio | barber | tiktok only, 64 reviews at 5 | Corby",https://www.tiktok.com/@vip.studio61,mybarbersite.co.uk/vip-studio,C
Rockingham Barber Corby,07342 574732,"103 Rockingham Rd, Corby",5,53,1,"mybarbersite.co.uk/rockingham-barber-corby | barber | no website, 53 reviews at 5 | Corby",,mybarbersite.co.uk/rockingham-barber-corby,A
Union Of Barbers,07934 434455,"176 Studfall Ave, Corby",4.9,31,1,"mybarbersite.co.uk/union-of-barbers | barber | no website, 31 reviews at 4.9 | Corby",,mybarbersite.co.uk/union-of-barbers,A
Short & Sharpe Barbers,07828 501848,"Pychley Court, 2 Pytchley Court, Corby",5,51,1,"mybarbersite.co.uk/short-and-sharpe-barbers | barber | facebook only, 51 reviews at 5 | Corby",https://www.facebook.com/shortandsharpebarbers/,mybarbersite.co.uk/short-and-sharpe-barbers,B
Top Spot Hair,01536 204836,"74 Shire Rd, Corby",4.8,56,1,"mybarbersite.co.uk/top-spot-hair | barber | no website, 56 reviews at 4.8 | Corby",,mybarbersite.co.uk/top-spot-hair,A
Castle Barber Shop Lincoln,07392 705430,"94-95 High St, Lincoln",4.9,80,1,"mybarbersite.co.uk/castle-barber-shop-lincoln | barber | no website, 80 reviews at 4.9 | Lincoln",,mybarbersite.co.uk/castle-barber-shop-lincoln,A
Revolution Crew Barber,01522 454574,"The Guildhall, 25 Guildhall St, Lincoln",5,85,1,"mybarbersite.co.uk/revolution-crew-barber | barber | no website, 85 reviews at 5 | Lincoln",,mybarbersite.co.uk/revolution-crew-barber,A
The barber club,07704 195777,"Provident Personal Credit Ltd, 364a High St, Lincoln",5,79,1,"mybarbersite.co.uk/the-barber-club | barber | no website, 79 reviews at 5 | Lincoln",,mybarbersite.co.uk/the-barber-club,A
Skinny Barber Shop,07456 596865,"131 W Parade, Lincoln",4.9,34,1,"mybarbersite.co.uk/skinny-barber-shop | barber | no website, 34 reviews at 4.9 | Lincoln",,mybarbersite.co.uk/skinny-barber-shop,A
New Look Barbers,07517 963383,"48 Carholme Rd, Lincoln",4.8,136,1,"mybarbersite.co.uk/new-look-barbers | barber | no website, 136 reviews at 4.8 | Lincoln",,mybarbersite.co.uk/new-look-barbers,A
KimaniTheBarber,07542 163045,"25 Corporation St, Lincoln",5,22,1,"mybarbersite.co.uk/kimanithebarber | barber | instagram only, 22 reviews at 5 | Lincoln",https://www.instagram.com/kimanithebarber?igsh=MTgxcG5yNmQyMjdzdQ==&utm_source=qr,mybarbersite.co.uk/kimanithebarber,C
Heart city barber shop,07435 986934,"81 High St, Lincoln",5,25,1,"mybarbersite.co.uk/heart-city-barber-shop | barber | facebook only, 25 reviews at 5 | Lincoln",https://www.facebook.com/profile.php?id=61553463296594,mybarbersite.co.uk/heart-city-barber-shop,B
City Barber,01522 701789,"Unit 2, 246 Skellingthorpe Rd, Lincoln",5,45,1,"mybarbersite.co.uk/city-barber-lincoln | barber | no website, 45 reviews at 5 | Lincoln",,mybarbersite.co.uk/city-barber-lincoln,A
Barbershop by Salvatore,07403 873997,"53 High St, Navenby, Lincoln",5,27,1,"mybarbersite.co.uk/barbershop-by-salvatore | barber | no website, 27 reviews at 5 | Lincoln",,mybarbersite.co.uk/barbershop-by-salvatore,A
Signature Barber,07349 083914,"135 Burton Rd, Lincoln",4.8,82,1,"mybarbersite.co.uk/signature-barber | barber | no website, 82 reviews at 4.8 | Lincoln",,mybarbersite.co.uk/signature-barber,A
Antonio Barber Shop by Mike,07857 651424,"150 Burton Rd, Lincoln",4.9,126,1,"mybarbersite.co.uk/antonio-barber-shop-by-mike | barber | no website, 126 reviews at 4.9 | Lincoln",,mybarbersite.co.uk/antonio-barber-shop-by-mike,A
Salvatore Barbers,01522 560011,"2 W Parade, Lincoln",4.8,94,1,"mybarbersite.co.uk/salvatore-barbers | barber | facebook only, 94 reviews at 4.8 | Lincoln",https://www.facebook.com/Salvatore-Hairdressers-1497122037236662/,mybarbersite.co.uk/salvatore-barbers,B
Gaz's Cuts,07598 534660,"Post Office, 42 Hykeham Rd, Lincoln",5,51,1,"mybarbersite.co.uk/gazs-cuts | barber | no website, 51 reviews at 5 | Lincoln",,mybarbersite.co.uk/gazs-cuts,A
Cutting It,01522 525918,"32B Grantham Rd, Bracebridge Heath, Lincoln",4.9,127,1,"mybarbersite.co.uk/cutting-it | barber | facebook only, 127 reviews at 4.9 | Lincoln",http://www.facebook.com/cuttingitbbh,mybarbersite.co.uk/cutting-it,B
Top boyz barbers,07886 327176,"46 High St, Grantham",5,27,1,"mybarbersite.co.uk/top-boyz-barbers | barber | no website, 27 reviews at 5 | Grantham",,mybarbersite.co.uk/top-boyz-barbers,A
Just Jentz,01476 230580,"14 Welby St, Grantham",4.9,121,1,"mybarbersite.co.uk/just-jentz | barber | no website, 121 reviews at 4.9 | Grantham",,mybarbersite.co.uk/just-jentz,A
Haas Brothers,07525 938777,"Mitchelin House, 1 Guildhall St, Grantham",4.8,20,1,"mybarbersite.co.uk/haas-brothers | barber | no website, 20 reviews at 4.8 | Grantham",,mybarbersite.co.uk/haas-brothers,A
Root 607 barber shop,01476 247079,"Chris Walker Motorcycles, 200 Harlaxton Rd, Grantham",5,35,1,"mybarbersite.co.uk/root-607-barber-shop | barber | facebook only, 35 reviews at 5 | Grantham",https://www.facebook.com/Root607barbers/,mybarbersite.co.uk/root-607-barber-shop,B
Tailored Hair,01476 568021,"99 Sunningdale, Grantham",5,81,1,"mybarbersite.co.uk/tailored-hair | barber | facebook only, 81 reviews at 5 | Grantham",https://www.facebook.com/TailoredHairGrantham/,mybarbersite.co.uk/tailored-hair,B
Neo’s Turkish barber,07561 224169,"off, Ashburner St, Bolton Bolton market, Front",5,100,1,"mybarbersite.co.uk/neos-turkish-barber | barber | no website, 100 reviews at 5 | Bolton",,mybarbersite.co.uk/neos-turkish-barber,A
Man fade barber,07453 772650,"538 Chorley Old Rd, Bolton",5,32,1,"mybarbersite.co.uk/man-fade-barber | barber | no website, 32 reviews at 5 | Bolton",,mybarbersite.co.uk/man-fade-barber,A
K1 Barber,07413 160540,"320 Manchester Rd, Burnden, Bolton",5,23,1,"mybarbersite.co.uk/k1-barber-bolton | barber | no website, 23 reviews at 5 | Bolton",,mybarbersite.co.uk/k1-barber-bolton,A
TOP CUT BARBER,07575 354302,"TOP CUT Barber, 111 Tonge Moor Rd, Bolton",4.8,78,1,"mybarbersite.co.uk/top-cut-barber | barber | facebook only, 78 reviews at 4.8 | Bolton",https://www.facebook.com/profile.php?id=100087246145431,mybarbersite.co.uk/top-cut-barber,B
Fade Station,07501 504453,"707 Blackburn Rd, Bolton",4.8,48,1,"mybarbersite.co.uk/fade-station | barber | no website, 48 reviews at 4.8 | Bolton",,mybarbersite.co.uk/fade-station,A
Turton barbers,07464 135704,"1 Turton Rd, Bolton",4.9,86,1,"mybarbersite.co.uk/turton-barbers | barber | no website, 86 reviews at 4.9 | Bolton",,mybarbersite.co.uk/turton-barbers,A
NALI BARBERS,07857 358604,"Astley Bridge Post Office, 467 Blackburn Rd, Astley Bridge, Bolton",4.9,93,1,"mybarbersite.co.uk/nali-barbers | barber | no website, 93 reviews at 4.9 | Bolton",,mybarbersite.co.uk/nali-barbers,A
King's Barber Shop,07452 722225,"220 Chorley Old Rd, Bolton",4.8,101,1,"mybarbersite.co.uk/kings-barber-shop | barber | no website, 101 reviews at 4.8 | Bolton",,mybarbersite.co.uk/kings-barber-shop,A
ALI BARBERS,07440 589385,"407a Derby St, Bolton",5,41,1,"mybarbersite.co.uk/ali-barbers | barber | no website, 41 reviews at 5 | Bolton",,mybarbersite.co.uk/ali-barbers,A
Cuts Crew,07491 918855,"125 Chorley Old Rd, Bolton",5,34,1,"mybarbersite.co.uk/cuts-crew | barber | no website, 34 reviews at 5 | Bolton",,mybarbersite.co.uk/cuts-crew,A
Local Barber,07341 283030,"448 Darwen Rd, Bromley Cross, Bolton",5,26,1,"mybarbersite.co.uk/local-barber | barber | instagram only, 26 reviews at 5 | Bolton",https://www.instagram.com/local__barber?igsh=azQ1ZGFkeGdzdnpx&utm_source=qr,mybarbersite.co.uk/local-barber,C
ABDULLAH BARBER SHOP,07365 229252,"38 St Helens Rd, Bolton",4.9,53,1,"mybarbersite.co.uk/abdullah-barber-shop | barber | no website, 53 reviews at 4.9 | Bolton",,mybarbersite.co.uk/abdullah-barber-shop,A
BX Barber Bromley Cross,07933 012930,"215 Darwen Rd, Bromley Cross, Bolton",4.9,114,1,"mybarbersite.co.uk/bx-barber-bromley-cross | barber | facebook only, 114 reviews at 4.9 | Bolton",https://www.facebook.com/profile.php?id=100090490985106,mybarbersite.co.uk/bx-barber-bromley-cross,B
D&B Studio cuts,07988 480595,"395 Chorley Old Rd, Bolton",4.8,120,1,"mybarbersite.co.uk/dandb-studio-cuts | barber | no website, 120 reviews at 4.8 | Bolton",,mybarbersite.co.uk/dandb-studio-cuts,A
BENNY’S HAIR STUDIO,07552 667474,"50-52 Albert Rd, Farnworth, Bolton",4.9,147,1,"mybarbersite.co.uk/bennys-hair-studio | barber | no website, 147 reviews at 4.9 | Bolton",,mybarbersite.co.uk/bennys-hair-studio,A
Fade And Style Barber Shop,07534 453479,"Manlee Take Away, 301 Plodder Ln, Farnworth, Bolton",5,20,1,"mybarbersite.co.uk/fade-and-style-barber-shop | barber | no website, 20 reviews at 5 | Bolton",,mybarbersite.co.uk/fade-and-style-barber-shop,A
Gareth Barlow,01204 494066,"646 Chorley Old Rd, Bolton",4.9,80,1,"mybarbersite.co.uk/gareth-barlow | barber | no website, 80 reviews at 4.9 | Bolton",,mybarbersite.co.uk/gareth-barlow,A
PH Barbers,07910 882785,"214 St George's Rd, Bolton",4.8,35,1,"mybarbersite.co.uk/ph-barbers | barber | no website, 35 reviews at 4.8 | Bolton",,mybarbersite.co.uk/ph-barbers,A
Blade'z Barber,01942 375584,"53 Library St, Wigan",4.8,86,1,"mybarbersite.co.uk/bladez-barber-wigan | barber | no website, 86 reviews at 4.8 | Wigan",,mybarbersite.co.uk/bladez-barber-wigan,A
New style barber Wigan,07464 472644,"38 Wigan Ln, Wigan",4.9,67,1,"mybarbersite.co.uk/new-style-barber-wigan | barber | no website, 67 reviews at 4.9 | Wigan",,mybarbersite.co.uk/new-style-barber-wigan,A
LIFE STYLE BARBERS,07908 750804,"46 Standishgate, Wigan",4.8,131,1,"mybarbersite.co.uk/life-style-barbers | barber | facebook only, 131 reviews at 4.8 | Wigan",https://m.facebook.com/lifestylebarberwigan/,mybarbersite.co.uk/life-style-barbers,B
Bladez men’s barber,01942 239386,"468 Warrington Rd, Wigan",4.8,44,1,"mybarbersite.co.uk/bladez-mens-barber | barber | instagram only, 44 reviews at 4.8 | Wigan",https://www.instagram.com/bladez_mens_barber?igsh=MXM1NTM0YndpcjZuOA%3D%3D&utm_source=qr,mybarbersite.co.uk/bladez-mens-barber,C
HD Cutz Wigan,07307 341073,"10A Market St, Wigan",4.8,56,1,"mybarbersite.co.uk/hd-cutz-wigan | barber | no website, 56 reviews at 4.8 | Wigan",,mybarbersite.co.uk/hd-cutz-wigan,A
SUPER FADE CUT,07576 300007,"kurdisan, Warrington Rd, Platinum",4.9,127,1,"mybarbersite.co.uk/super-fade-cut | barber | no website, 127 reviews at 4.9 | Wigan",,mybarbersite.co.uk/super-fade-cut,A
MK’S TURKISH BARBERS,07599 938651,"230A Woodhouse Ln, Wigan",4.9,41,1,"mybarbersite.co.uk/mks-turkish-barbers | barber | no website, 41 reviews at 4.9 | Wigan",,mybarbersite.co.uk/mks-turkish-barbers,A
Hassan top style barber shop,07574 074651,"61 Preston Rd, Standish, Wigan",4.9,63,1,"mybarbersite.co.uk/hassan-top-style-barber-shop | barber | no website, 63 reviews at 4.9 | Wigan",,mybarbersite.co.uk/hassan-top-style-barber-shop,A
BARBER HOOD,07307 602437,"278 Billinge Rd, Wigan",5,23,1,"mybarbersite.co.uk/barber-hood | barber | instagram only, 23 reviews at 5 | Wigan",https://www.instagram.com/bar.berhood42?igsh=MXFnejd2NWR5bW1rbQ==,mybarbersite.co.uk/barber-hood,C
Azadi Barber Lounge,07492 547468,"3 Bolton Rd, Ashton-in-Makerfield, Wigan",4.9,76,1,"mybarbersite.co.uk/azadi-barber-lounge | barber | facebook only, 76 reviews at 4.9 | Wigan",https://www.facebook.com/Azadi-Barber-Lounge-101050372105102/,mybarbersite.co.uk/azadi-barber-lounge,B
Dads & Lads,01942 233301,"15 Meadow St, Wigan",4.9,150,1,"mybarbersite.co.uk/dads-and-lads | barber | facebook only, 150 reviews at 4.9 | Wigan",https://www.facebook.com/Dads-and-lads-320287791416358/,mybarbersite.co.uk/dads-and-lads,B
Bodrum Barber Shop,07864 066450,"235 Ormskirk Rd, Newtown, Wigan",4.8,136,1,"mybarbersite.co.uk/bodrum-barber-shop | barber | no website, 136 reviews at 4.8 | Wigan",,mybarbersite.co.uk/bodrum-barber-shop,A
Magic scissor,07881 706097,"2E Gathurst Ln, Shevington, Wigan",4.9,95,1,"mybarbersite.co.uk/magic-scissor | barber | instagram only, 95 reviews at 4.9 | Wigan",https://www.instagram.com/magicscissor,mybarbersite.co.uk/magic-scissor,C
Woodhouse Collective,01942 709420,"132 Woodhouse Ln, Wigan",4.9,60,1,"mybarbersite.co.uk/woodhouse-collective | barber | no website, 60 reviews at 4.9 | Wigan",,mybarbersite.co.uk/woodhouse-collective,A
Top Trim Barbers,07525 850841,"615 Ormskirk Rd, Pemberton, Wigan",4.9,74,1,"mybarbersite.co.uk/top-trim-barbers | barber | facebook only, 74 reviews at 4.9 | Wigan",https://www.facebook.com/toptrim.barber,mybarbersite.co.uk/top-trim-barbers,B
IBO barber shop,07539 108858,"3 Bridge St, Hindley, Wigan",4.8,119,1,"mybarbersite.co.uk/ibo-barber-shop | barber | no website, 119 reviews at 4.8 | Wigan",,mybarbersite.co.uk/ibo-barber-shop,A
Garswood Barber shop,07576 210658,"26 Hamilton Rd, Garswood, Ashton-in-Makerfield, Wigan",5,22,1,"mybarbersite.co.uk/garswood-barber-shop | barber | no website, 22 reviews at 5 | Wigan",,mybarbersite.co.uk/garswood-barber-shop,A
Boys Line,07301 181878,"35 Preston Rd, Standish, Wigan",5,29,1,"mybarbersite.co.uk/boys-line | barber | no website, 29 reviews at 5 | Wigan",,mybarbersite.co.uk/boys-line,A
Wallwork Harry,01942 821199,"34 Hallgate, Wigan",5,24,1,"mybarbersite.co.uk/wallwork-harry | barber | no website, 24 reviews at 5 | Wigan",,mybarbersite.co.uk/wallwork-harry,A
"The Barbershop (Platt Bridge, Wigan) Est.1981",07762 450909,"A/94 Walthew La, Wigan",4.8,100,1,"mybarbersite.co.uk/the-barbershop-platt-bridge-wigan-est-1981 | barber | no website, 100 reviews at 4.8 | Wigan",,mybarbersite.co.uk/the-barbershop-platt-bridge-wigan-est-1981,A
Chris Barber Shop,07852 724252,"125 Ormskirk Rd, Newtown, Wigan",4.9,42,1,"mybarbersite.co.uk/chris-barber-shop | barber | no website, 42 reviews at 4.9 | Wigan",,mybarbersite.co.uk/chris-barber-shop,A
VIP Barber,07366 525651,"14 Warrington Rd, Ashton-in-Makerfield, Wigan",4.9,42,1,"mybarbersite.co.uk/vip-barber | barber | facebook only, 42 reviews at 4.9 | Wigan",https://www.facebook.com/VIPbarber14,mybarbersite.co.uk/vip-barber,B
Oldham Barbers,07986 001265,"218 Honeywell Ln, Oldham",5,76,1,"mybarbersite.co.uk/oldham-barbers | barber | no website, 76 reviews at 5 | Oldham",,mybarbersite.co.uk/oldham-barbers,A
Chase Barbers,0161 526 3768,"95 Thompson Ln, Chadderton, Oldham",4.9,128,1,"mybarbersite.co.uk/chase-barbers | barber | no website, 128 reviews at 4.9 | Oldham",,mybarbersite.co.uk/chase-barbers,A
Dani Kutz,07832 934868,"Coldhurst St, Oldham",4.9,94,1,"mybarbersite.co.uk/dani-kutz | barber | no website, 94 reviews at 4.9 | Oldham",,mybarbersite.co.uk/dani-kutz,A
Kurd barbers,07472 377178,"Borough Mill, 154 Ashton Rd, Oldham",4.8,70,1,"mybarbersite.co.uk/kurd-barbers-oldham | barber | no website, 70 reviews at 4.8 | Oldham",,mybarbersite.co.uk/kurd-barbers-oldham,A
The diamond touch Barbers,0161 317 9549,"Sun Mill Inn, 511 Middleton Rd, Chadderton, Oldham",4.9,96,1,"mybarbersite.co.uk/the-diamond-touch-barbers | barber | instagram only, 96 reviews at 4.9 | Oldham",https://instagram.com/thediamondtouchbarbers?igshid=OGQ5ZDc2ODk2ZA==,mybarbersite.co.uk/the-diamond-touch-barbers,C
Kurds Cuts,07946 172952,"116 Rochdale Rd, Royton, Oldham",4.9,63,1,"mybarbersite.co.uk/kurds-cuts | barber | no website, 63 reviews at 4.9 | Oldham",,mybarbersite.co.uk/kurds-cuts,A
Hollins barber,07534 702029,"337 Hollins Rd, Oldham",5,66,1,"mybarbersite.co.uk/hollins-barber | barber | no website, 66 reviews at 5 | Oldham",,mybarbersite.co.uk/hollins-barber,A
LAVIN barber,07757 744570,"80 Yorkshire St, Manchester, Oldham",4.9,50,1,"mybarbersite.co.uk/lavin-barber | barber | no website, 50 reviews at 4.9 | Oldham",,mybarbersite.co.uk/lavin-barber,A
Kashmírí Barbers,07938 673233,"Beris Off Licence, 92 Ronald St, Oldham",4.8,87,1,"mybarbersite.co.uk/kashmiri-barbers | barber | no website, 87 reviews at 4.8 | Oldham",,mybarbersite.co.uk/kashmiri-barbers,A
Daryan Barber,07767 767667,"764 Hollins Rd, Oldham",4.8,112,1,"mybarbersite.co.uk/daryan-barber | barber | no website, 112 reviews at 4.8 | Oldham",,mybarbersite.co.uk/daryan-barber,A
Bandido Barbers Oldham,07391 395970,"256 Manchester Rd, Chadderton, Oldham",4.8,22,1,"mybarbersite.co.uk/bandido-barbers-oldham | barber | no website, 22 reviews at 4.8 | Oldham",,mybarbersite.co.uk/bandido-barbers-oldham,A
Q's Kutz Mens Barbers,07926 167812,"60 Burnley Ln, Chadderton, Oldham",4.8,98,1,"mybarbersite.co.uk/qs-kutz-mens-barbers | barber | no website, 98 reviews at 4.8 | Oldham",,mybarbersite.co.uk/qs-kutz-mens-barbers,A
Legend Styles Barber Shop,07346 903620,"193 Huddersfield Rd, Oldham",4.9,124,1,"mybarbersite.co.uk/legend-styles-barber-shop | barber | no website, 124 reviews at 4.9 | Oldham",,mybarbersite.co.uk/legend-styles-barber-shop,A
Kayz Kutz,07904 115468,"2A Coalshaw Green Rd, Chadderton, Oldham",4.8,112,1,"mybarbersite.co.uk/kayz-kutz | barber | tiktok only, 112 reviews at 4.8 | Oldham",https://www.tiktok.com/@kayzkutz,mybarbersite.co.uk/kayz-kutz,C
VENUS BARBERS,07881 499325,"391 Ashton Rd, Oldham",4.9,49,1,"mybarbersite.co.uk/venus-barbers-oldham | barber | no website, 49 reviews at 4.9 | Oldham",,mybarbersite.co.uk/venus-barbers-oldham,A
Hq Barbers,07412 359657,"90 Burnley Ln, Chadderton, Oldham",5,20,1,"mybarbersite.co.uk/hq-barbers | barber | no website, 20 reviews at 5 | Oldham",,mybarbersite.co.uk/hq-barbers,A
New Style Barbers,07543 478618,"48 Market St, Shaw, Oldham",4.8,52,1,"mybarbersite.co.uk/new-style-barbers-oldham | barber | instagram only, 52 reviews at 4.8 | Oldham",https://instagram.com/new__style_barber?utm_medium=copy_link,mybarbersite.co.uk/new-style-barbers-oldham,C
Mr B's Barber Emporium,07708 228881,"341B Shaw Rd, Royton, Oldham",5,37,1,"mybarbersite.co.uk/mr-bs-barber-emporium | barber | facebook only, 37 reviews at 5 | Oldham",https://www.facebook.com/Mr-Bs-Barbers-Emporium-391489307680310/,mybarbersite.co.uk/mr-bs-barber-emporium,B
Urban Barbers,07394 030730,"2 Sylvan St, Oldham",5,49,1,"mybarbersite.co.uk/urban-barbers | barber | no website, 49 reviews at 5 | Oldham",,mybarbersite.co.uk/urban-barbers,A
QS Fadez,07730 411718,"98 Manley Rd, Oldham",5,53,1,"mybarbersite.co.uk/qs-fadez | barber | facebook only, 53 reviews at 5 | Oldham",https://www.facebook.com/QS-FADEZ-112281677211787/,mybarbersite.co.uk/qs-fadez,B
Ultra Fade,07500 001332,"Ash View, 887 Manchester Rd, Rochdale",5,42,1,"mybarbersite.co.uk/ultra-fade | barber | no website, 42 reviews at 5 | Rochdale",,mybarbersite.co.uk/ultra-fade,A
Fade Zone Barbers,07501 387649,"741 Oldham Rd, Rochdale",5,99,1,"mybarbersite.co.uk/fade-zone-barbers | barber | instagram only, 99 reviews at 5 | Rochdale",https://www.instagram.com/fadezone_barber1?igsh=Y2c4azk0dGp6dHRn&utm_source=qr,mybarbersite.co.uk/fade-zone-barbers,C
BARBER,07463 320002,"Yorkshire St, Rochdale",4.9,48,1,"mybarbersite.co.uk/barber | barber | no website, 48 reviews at 4.9 | Rochdale",,mybarbersite.co.uk/barber,A
Mzori Barbers,07833 244405,"Doctors Surgery, 69 Tweedale St, Rochdale",4.9,43,1,"mybarbersite.co.uk/mzori-barbers | barber | no website, 43 reviews at 4.9 | Rochdale",,mybarbersite.co.uk/mzori-barbers,A
Pro Kutz The Hair Studio,01706 344763,"82 Tweedale St, Rochdale",4.9,105,1,"mybarbersite.co.uk/pro-kutz-the-hair-studio | barber | no website, 105 reviews at 4.9 | Rochdale",,mybarbersite.co.uk/pro-kutz-the-hair-studio,A
Dani Barber,07846 045701,"17A Oldham Rd, Rochdale",4.9,65,1,"mybarbersite.co.uk/dani-barber | barber | no website, 65 reviews at 4.9 | Rochdale",,mybarbersite.co.uk/dani-barber,A
THE BARBER,07719 542157,"408a Manchester Rd, Rochdale",4.9,32,1,"mybarbersite.co.uk/the-barber | barber | instagram only, 32 reviews at 4.9 | Rochdale",https://instagram.com/rawabarber_?igshid=YmMyMTA2M2Y=,mybarbersite.co.uk/the-barber,C
Bazz Barber #2,07351 479257,"122 Whitworth Rd, Rochdale",4.8,69,1,"mybarbersite.co.uk/bazz-barber-2 | barber | no website, 69 reviews at 4.8 | Rochdale",,mybarbersite.co.uk/bazz-barber-2,A
Norden barber,07312 017855,"687 Edenfield Rd, Norden, Rochdale",4.8,40,1,"mybarbersite.co.uk/norden-barber | barber | instagram only, 40 reviews at 4.8 | Rochdale",https://instagram.com/norden_barber_?igshid=MTg2bjRzbXUyMTZrZw%3D%3D&utm_source=qr,mybarbersite.co.uk/norden-barber,C
The Diamond scissors,07447 396676,"86 Dale St, Milnrow, Rochdale",5,130,1,"mybarbersite.co.uk/the-diamond-scissors | barber | no website, 130 reviews at 5 | Rochdale",,mybarbersite.co.uk/the-diamond-scissors,A
FDZ BARBER SHOP - SKIN FADE - BEARD TRIMS - AFRO HAIR - CLASSIC SCISSOR CUT - KIDS HAIRCUT - HOT TOWEL SHAVE,07877 575196,"84 Rochdale Rd, Bury",4.9,28,1,"mybarbersite.co.uk/fdz-barber-shop-skin-fade-beard-trims-afro-hair-classic-scissor-cut-kids-haircut-hot-towel-shave | barber | no website, 28 reviews at 4.9 | Rochdale",,mybarbersite.co.uk/fdz-barber-shop-skin-fade-beard-trims-afro-hair-classic-scissor-cut-kids-haircut-hot-towel-shave,A
A's Barber,07779 272620,"513a Oldham Rd, Rochdale",4.8,34,1,"mybarbersite.co.uk/as-barber | barber | no website, 34 reviews at 4.8 | Rochdale",,mybarbersite.co.uk/as-barber,A
The Barbers Shop,01706 715005,"36 Shawclough Rd, Rochdale",5,21,1,"mybarbersite.co.uk/the-barbers-shop-rochdale | barber | no website, 21 reviews at 5 | Rochdale",,mybarbersite.co.uk/the-barbers-shop-rochdale,A
Biggy's Barbers,07593 022515,"232 Ashfield Rd, Rochdale",5,94,1,"mybarbersite.co.uk/biggys-barbers | barber | no website, 94 reviews at 5 | Rochdale",,mybarbersite.co.uk/biggys-barbers,A
Studio2 - RAW:imagebarbershop,07754 255079,"270 Entwisle Rd, Rochdale",4.9,64,1,"mybarbersite.co.uk/studio2-raw-imagebarbershop | barber | no website, 64 reviews at 4.9 | Rochdale",,mybarbersite.co.uk/studio2-raw-imagebarbershop,A
Bamford Barbers,01706 627138,"841 Bury Rd, Rochdale",4.9,99,1,"mybarbersite.co.uk/bamford-barbers | barber | facebook only, 99 reviews at 4.9 | Rochdale",https://www.facebook.com/bamfordbarbers/,mybarbersite.co.uk/bamford-barbers,B
Mellor Street barbers,07476 456620,"52 Mellor St, Rochdale",4.9,60,1,"mybarbersite.co.uk/mellor-street-barbers | barber | no website, 60 reviews at 4.9 | Rochdale",,mybarbersite.co.uk/mellor-street-barbers,A
Smart Cut,07591 151234,"717 Market St, Whitworth, Rochdale",4.8,82,1,"mybarbersite.co.uk/smart-cut | barber | no website, 82 reviews at 4.8 | Rochdale",,mybarbersite.co.uk/smart-cut,A
Markoz Barbershop,07777 488010,"370A Brinnington Rd, Stockport",5,54,1,"mybarbersite.co.uk/markoz-barbershop | barber | no website, 54 reviews at 5 | Stockport",,mybarbersite.co.uk/markoz-barbershop,A
M.A.S Barbers,07871 574444,"205 Nangreave Rd, Heaviley, Stockport",4.9,32,1,"mybarbersite.co.uk/m-a-s-barbers | barber | no website, 32 reviews at 4.9 | Stockport",,mybarbersite.co.uk/m-a-s-barbers,A
Class Style,07981 174555,"221 Stockport Rd, Stockport",5,29,1,"mybarbersite.co.uk/class-style | barber | no website, 29 reviews at 5 | Stockport",,mybarbersite.co.uk/class-style,A
Stockport barber,07867 477771,"9 Tiviot Dl, Stockport",4.8,114,1,"mybarbersite.co.uk/stockport-barber | barber | no website, 114 reviews at 4.8 | Stockport",,mybarbersite.co.uk/stockport-barber,A
Duhok barber,07424 376509,"Cameo House, 323 Buxton Rd, Stockport",4.9,136,1,"mybarbersite.co.uk/duhok-barber | barber | instagram only, 136 reviews at 4.9 | Stockport",https://www.instagram.com/duhok_barbers/,mybarbersite.co.uk/duhok-barber,C
Topman barber,07449 700622,"London Road Hazel Grove, 158 London Rd, Hazel Grove, Stockport",4.9,29,1,"mybarbersite.co.uk/topman-barber | barber | no website, 29 reviews at 4.9 | Stockport",,mybarbersite.co.uk/topman-barber,A
Cutting Crew,07576 203282,"Lisburne Ln, Stockport",4.9,42,1,"mybarbersite.co.uk/cutting-crew-stockport | barber | no website, 42 reviews at 4.9 | Stockport",,mybarbersite.co.uk/cutting-crew-stockport,A
S F BARBER,07951 375250,"41 Worrall St, Edgeley, Stockport",5,133,1,"mybarbersite.co.uk/s-f-barber | barber | no website, 133 reviews at 5 | Stockport",,mybarbersite.co.uk/s-f-barber,A
The Dukes (The Art Of Barbering),07479 195363,"139 Shaw Heath, Stockport",4.9,66,1,"mybarbersite.co.uk/the-dukes-the-art-of-barbering | barber | no website, 66 reviews at 4.9 | Stockport",,mybarbersite.co.uk/the-dukes-the-art-of-barbering,A
Ozzys Barbershop,0161 494 8060,"52 Osborne St, Bredbury, Stockport",5,72,1,"mybarbersite.co.uk/ozzys-barbershop | barber | no website, 72 reviews at 5 | Stockport",,mybarbersite.co.uk/ozzys-barbershop,A
Sweeney Todd Turkish Barber,07455 991833,"15 Gorton Rd, Reddish, Stockport",5,68,1,"mybarbersite.co.uk/sweeney-todd-turkish-barber | barber | no website, 68 reviews at 5 | Stockport",,mybarbersite.co.uk/sweeney-todd-turkish-barber,A
BUZZ BARBERS Shop,07777 441779,"Exeter Rd, Stockport",4.9,22,1,"mybarbersite.co.uk/buzz-barbers-shop | barber | no website, 22 reviews at 4.9 | Stockport",,mybarbersite.co.uk/buzz-barbers-shop,A
Edgely barber,07922 647893,"63 Castle St, Edgeley, Stockport",5,56,1,"mybarbersite.co.uk/edgely-barber | barber | no website, 56 reviews at 5 | Stockport",,mybarbersite.co.uk/edgely-barber,A
21 BARBER,07492 222116,"228 Reddish Rd, Stockport",5,37,1,"mybarbersite.co.uk/21-barber | barber | no website, 37 reviews at 5 | Stockport",,mybarbersite.co.uk/21-barber,A
Baban Barbers,07947 494246,"278 Adswood Rd, Stockport",4.9,45,1,"mybarbersite.co.uk/baban-barbers | barber | no website, 45 reviews at 4.9 | Stockport",,mybarbersite.co.uk/baban-barbers,A
Arkham Barbers,0161 428 7100,"2 Bird Hall Ln, Stockport",4.8,32,1,"mybarbersite.co.uk/arkham-barbers | barber | no website, 32 reviews at 4.8 | Stockport",,mybarbersite.co.uk/arkham-barbers,A
SAM’S BARBERS,07491 070751,"10 Stockport Rd, Romiley, Stockport",4.9,54,1,"mybarbersite.co.uk/sams-barbers-stockport | barber | no website, 54 reviews at 4.9 | Stockport",,mybarbersite.co.uk/sams-barbers-stockport,A
LA VIDA GENTS BARBER,07913 138855,"274 Gorton Rd, Stockport",4.9,107,1,"mybarbersite.co.uk/la-vida-gents-barber | barber | instagram only, 107 reviews at 4.9 | Stockport",https://www.google.com/url?q=https://www.instagram.com/la.vida.barber/,mybarbersite.co.uk/la-vida-gents-barber,C
Moor Cuts Cheadle Village,0161 428 8678,"2A Stockport Rd, Cheadle",5,88,1,"mybarbersite.co.uk/moor-cuts-cheadle-village | barber | no website, 88 reviews at 5 | Stockport",,mybarbersite.co.uk/moor-cuts-cheadle-village,A
Zaks,0161 224 1021,"284 Gorton Rd, Stockport",4.9,114,1,"mybarbersite.co.uk/zaks | barber | no website, 114 reviews at 4.9 | Stockport",,mybarbersite.co.uk/zaks,A
Davenport barbers,07478 705504,"Grove House, 106 Kennerley Rd, Davenport, Stockport",5,137,1,"mybarbersite.co.uk/davenport-barbers | barber | no website, 137 reviews at 5 | Stockport",,mybarbersite.co.uk/davenport-barbers,A
Milano Barbershop Stockport,0161 451 7081,"Marshall House, DAVENPORT HOUSE, 255 Wellington Rd S, Stockport",5,32,1,"mybarbersite.co.uk/milano-barbershop-stockport | barber | no website, 32 reviews at 5 | Stockport",,mybarbersite.co.uk/milano-barbershop-stockport,A
Glaris Barber Shop,07708 813039,"46 Stockport Rd, Cheadle Heath, Stockport",5,72,1,"mybarbersite.co.uk/glaris-barber-shop | barber | no website, 72 reviews at 5 | Stockport",,mybarbersite.co.uk/glaris-barber-shop,A
Barber Club,07443 035776,"8 Silver St, Bury",4.8,57,1,"mybarbersite.co.uk/barber-club | barber | no website, 57 reviews at 4.8 | Bury",,mybarbersite.co.uk/barber-club,A
Ultra barbers,07939 130110,"Walmersley Rd, Bury",5,144,1,"mybarbersite.co.uk/ultra-barbers | barber | no website, 144 reviews at 5 | Bury",,mybarbersite.co.uk/ultra-barbers,A
Nuna Barber Bury,07916 594183,"307 Bolton Rd, Bury",5,62,1,"mybarbersite.co.uk/nuna-barber-bury | barber | no website, 62 reviews at 5 | Bury",,mybarbersite.co.uk/nuna-barber-bury,A
Magicuts,07577 629565,"52 Moorgate, Bury",4.9,98,1,"mybarbersite.co.uk/magicuts | barber | no website, 98 reviews at 4.9 | Bury",,mybarbersite.co.uk/magicuts,A
Thurston barbers,07503 128606,"9 Barton Rd, Thurston, Bury Saint Edmunds",5,45,1,"mybarbersite.co.uk/thurston-barbers | barber | no website, 45 reviews at 5 | Bury",,mybarbersite.co.uk/thurston-barbers,A
kutting korner,07584 227677,"37 Walmersley Rd, Bury",4.9,120,1,"mybarbersite.co.uk/kutting-korner | barber | facebook only, 120 reviews at 4.9 | Bury",https://www.facebook.com/share/1B5M4GnaeG/?mibextid=wwXIfr,mybarbersite.co.uk/kutting-korner,B
Billy’s Barbers,07479 655029,"Hollins Ln, Unsworth, Bury",4.9,100,1,"mybarbersite.co.uk/billys-barbers | barber | no website, 100 reviews at 4.9 | Bury",,mybarbersite.co.uk/billys-barbers,A
Kings Road Barbers,01284 765764,"2A King's Rd, Bury Saint Edmunds",4.8,116,1,"mybarbersite.co.uk/kings-road-barbers | barber | facebook only, 116 reviews at 4.8 | Bury",https://www.facebook.com/pages/category/Barber-Shop/Kings-Road-Barbers-728646887531857/,mybarbersite.co.uk/kings-road-barbers,B
Masters turkish barber shop,07943 705027,"169 Cross Ln, Radcliffe, Manchester",4.8,98,1,"mybarbersite.co.uk/masters-turkish-barber-shop | barber | tiktok only, 98 reviews at 4.8 | Bury",https://www.tiktok.com/@masterturkishbarber1?_r=1&_t=ZG-99PMD5f2UQz,mybarbersite.co.uk/masters-turkish-barber-shop,C
Razor Sharp Barbers Lounge,07412 240575,"53 Bolton St, Ramsbottom, Bury",4.9,31,1,"mybarbersite.co.uk/razor-sharp-barbers-lounge | barber | facebook only, 31 reviews at 4.9 | Bury",https://m.facebook.com/Razor-Sharp-Barbers-Lounge-110614668196963/?ref=sharing&__tn__=~~,mybarbersite.co.uk/razor-sharp-barbers-lounge,B
J J Barbers,01706 829960,"7 Peel Brow, Ramsbottom, Bury",4.8,96,1,"mybarbersite.co.uk/j-j-barbers | barber | no website, 96 reviews at 4.8 | Bury",,mybarbersite.co.uk/j-j-barbers,A
4k barber,07407 739373,"113 Orford Ln, Warrington",4.8,48,1,"mybarbersite.co.uk/4k-barber | barber | instagram only, 48 reviews at 4.8 | Warrington",https://www.instagram.com/invites/contact/?igsh=1skwz9uvbbo14&utm_content=c20sfh3,mybarbersite.co.uk/4k-barber,C
D1 Barber,07490 269526,"45 Norris St, Warrington",4.8,36,1,"mybarbersite.co.uk/d1-barber | barber | no website, 36 reviews at 4.8 | Warrington",,mybarbersite.co.uk/d1-barber,A
My barber,07838 470790,"Sindh Restaurant, 62 Dam Ln, Woolston, Warrington",4.9,57,1,"mybarbersite.co.uk/my-barber | barber | facebook only, 57 reviews at 4.9 | Warrington",https://www.facebook.com/profile.php?id=61564244675047,mybarbersite.co.uk/my-barber,B
Rio Barber,07469 242284,"Marshals Newsagent, 111 Wilderspool Causeway, Warrington",5,38,1,"mybarbersite.co.uk/rio-barber | barber | no website, 38 reviews at 5 | Warrington",,mybarbersite.co.uk/rio-barber,A
Penketh barber,07770 809901,"183 Warrington Rd, Penketh, Warrington",4.9,96,1,"mybarbersite.co.uk/penketh-barber | barber | tiktok only, 96 reviews at 4.9 | Warrington",https://www.tiktok.com/@penkethbarber?_t=8lYrcH5Nq7c&_r=1,mybarbersite.co.uk/penketh-barber,C
Gully Barbers,07503 539994,"Chapel House Hotels, 378 Liverpool Rd, Great Sankey, Warrington",4.8,127,1,"mybarbersite.co.uk/gully-barbers | barber | facebook only, 127 reviews at 4.8 | Warrington",https://www.facebook.com/p/Gully-Barbers-100049891886462/,mybarbersite.co.uk/gully-barbers,B
Your Barber,07916 579878,"12 Barley Rd, Thelwall, Warrington",4.9,47,1,"mybarbersite.co.uk/your-barber | barber | instagram only, 47 reviews at 4.9 | Warrington",https://www.instagram.com/your_barber1_?igsh=dHV4cXltNG9mcXYx&utm_source=qr,mybarbersite.co.uk/your-barber,C
CHAKO’S BARBER,07312 928997,"Chako’s Barber, 40 Bridge Ln, Warrington",4.9,68,1,"mybarbersite.co.uk/chakos-barber | barber | facebook only, 68 reviews at 4.9 | Warrington",https://www.facebook.com/chakos.barber.7,mybarbersite.co.uk/chakos-barber,B
Gentlemen’s Barber Shop,07895 858438,"1 Bruche Heath Gdns, Padgate, Warrington",5,88,1,"mybarbersite.co.uk/gentlemens-barber-shop | barber | facebook only, 88 reviews at 5 | Warrington",https://www.facebook.com/profile.php?id=100092231304238,mybarbersite.co.uk/gentlemens-barber-shop,B
The Locks Barbers,07983 497985,"279A Thelwall Ln, Latchford East, Warrington",4.9,78,1,"mybarbersite.co.uk/the-locks-barbers | barber | facebook only, 78 reviews at 4.9 | Warrington",https://m.facebook.com/The-locks-barbers-102645014958056/,mybarbersite.co.uk/the-locks-barbers,B
Best cut barber,07479 932509,"52 Bridge St, Saint Helens",5,81,1,"mybarbersite.co.uk/best-cut-barber | barber | instagram only, 81 reviews at 5 | St Helens",https://www.instagram.com/best.cut.barber?igsh=NHd1MHhzNG41eXc1&utm_source=qr,mybarbersite.co.uk/best-cut-barber,C
Classic Barber,07427 478735,"113 Higher Parr St, Saint Helens",4.8,82,1,"mybarbersite.co.uk/classic-barber-saint-helens | barber | no website, 82 reviews at 4.8 | St Helens",,mybarbersite.co.uk/classic-barber-saint-helens,A
H.K Barber,07940 477988,"78 Greenfield Rd, Denton's Green, Saint Helens",4.9,120,1,"mybarbersite.co.uk/h-k-barber | barber | no website, 120 reviews at 4.9 | St Helens",,mybarbersite.co.uk/h-k-barber,A
Haz’s,07838 191092,"280 Church Rd, Saint Helens",5,56,1,"mybarbersite.co.uk/hazs | barber | no website, 56 reviews at 5 | St Helens",,mybarbersite.co.uk/hazs,A
Turkish barber,07961 976778,"78 Cambridge Rd, Saint Helens",4.9,55,1,"mybarbersite.co.uk/turkish-barber-saint-helens | barber | no website, 55 reviews at 4.9 | St Helens",,mybarbersite.co.uk/turkish-barber-saint-helens,A
aron barber,07578 609612,"9QA, 47 Blackbrook Rd, Saint Helens",5,113,1,"mybarbersite.co.uk/aron-barber | barber | no website, 113 reviews at 5 | St Helens",,mybarbersite.co.uk/aron-barber,A
The Barber's Shop,07305 365373,"27 Concourse Way, Saint Helens",4.8,49,1,"mybarbersite.co.uk/the-barbers-shop-saint-helens | barber | no website, 49 reviews at 4.8 | St Helens",,mybarbersite.co.uk/the-barbers-shop-saint-helens,A
Camran Barbers,07470 955373,"1 Derbyshire Hill Rd, Saint Helens",4.8,62,1,"mybarbersite.co.uk/camran-barbers | barber | no website, 62 reviews at 4.8 | St Helens",,mybarbersite.co.uk/camran-barbers,A
SK BARBER,07751 031818,"57 Park Rd, Saint Helens",4.8,24,1,"mybarbersite.co.uk/sk-barber | barber | no website, 24 reviews at 4.8 | St Helens",,mybarbersite.co.uk/sk-barber,A
Alexandresbarb,07852 387646,"148 Thatto Heath Rd, Thatto Heath, Saint Helens",4.9,117,1,"mybarbersite.co.uk/alexandresbarb | barber | no website, 117 reviews at 4.9 | St Helens",,mybarbersite.co.uk/alexandresbarb,A
V2 BARBERS,07920 105083,"191 W End Rd, Haydock, Saint Helens",4.8,91,1,"mybarbersite.co.uk/v2-barbers | barber | no website, 91 reviews at 4.8 | St Helens",,mybarbersite.co.uk/v2-barbers,A
Rainford Barbers,07478 862037,"16 Ormskirk Rd, Rainford, Saint Helens",4.9,38,1,"mybarbersite.co.uk/rainford-barbers | barber | no website, 38 reviews at 4.9 | St Helens",,mybarbersite.co.uk/rainford-barbers,A
Sons of Blades,07480 648377,"381 Warrington Rd, Rainhill, Prescot",4.9,106,1,"mybarbersite.co.uk/sons-of-blades | barber | no website, 106 reviews at 4.9 | St Helens",,mybarbersite.co.uk/sons-of-blades,A
Rams Head Barbers,07515 385162,"19 Kenyons Ln S, Haydock, Saint Helens",4.8,41,1,"mybarbersite.co.uk/rams-head-barbers | barber | no website, 41 reviews at 4.8 | St Helens",,mybarbersite.co.uk/rams-head-barbers,A
Barber Chop,07396 133178,"48 Molyneux Dr, Prescot",5,36,1,"mybarbersite.co.uk/barber-chop | barber | no website, 36 reviews at 5 | St Helens",,mybarbersite.co.uk/barber-chop,A
DANNY'S BARBER,07757 114544,"248 New Hall Ln, Preston",5,135,1,"mybarbersite.co.uk/dannys-barber | barber | no website, 135 reviews at 5 | Preston",,mybarbersite.co.uk/dannys-barber,A
B cutz barbershop,07988 954401,"96 Meadow St, Preston",5,23,1,"mybarbersite.co.uk/b-cutz-barbershop | barber | tiktok only, 23 reviews at 5 | Preston",https://www.tiktok.com/@b.cutz7?_r=1&_t=ZN-95cVSWBxcfu,mybarbersite.co.uk/b-cutz-barbershop,C
More Blessings Barber Shop,01772 962100,"95 Plungington Rd, Preston",4.8,75,1,"mybarbersite.co.uk/more-blessings-barber-shop | barber | no website, 75 reviews at 4.8 | Preston",,mybarbersite.co.uk/more-blessings-barber-shop,A
Brookfield Cuts,07846 692353,"445 Watling St Rd, Ribbleton, Preston",4.9,69,1,"mybarbersite.co.uk/brookfield-cuts | barber | no website, 69 reviews at 4.9 | Preston",,mybarbersite.co.uk/brookfield-cuts,A
